baseYm,areaCd,areaNm,signguCd,signguNm,tAtsCd,tAtsNm,rlteTatsCd,rlteTatsNm,rlteRegnCd,rlteRegnNm,rlteSignguCd,rlteSignguNm,rlteCtgryLclsNm,rlteCtgryMclsNm,rlteCtgrySclsNm,rlteRank
202504,26,부산광역시,26110,중구,8d9967059a6a10be7bbcb1d539f36264,BIFF광장,d6dc86e69c840d73ff5067a11c789691,자갈치시장,26,부산광역시,26110,중구,관광지,쇼핑,시장,1
202504,26,부산광역시,26110,중구,8d9967059a6a10be7bbcb1d539f36264,BIFF광장,23322e28bac2158412abd7bb0c7c4229,부산항국제여객터미널,26,부산광역시,26170,동구,관광지,기타관광,교통시설,2
202504,26,부산광역시,26110,중구,8d9967059a6a10be7bbcb1d539f36264,BIFF광장,ee12180b414809f548f4ce8d7013b43a,코오롱씨클라우드호텔,26,부산광역시,26350,해운대구,숙박,숙박,호텔,3
202504,26,부산광역시,26110,중구,8d9967059a6a10be7bbcb1d539f36264,BIFF광장,89c6c48d2629676d4620cca807c53ce8,차이나타운,26,부산광역시,26170,동구,관광지,문화관광,테마공원,4
202504,26,부산광역시,26110,중구,8d9967059a6a10be7bbcb1d539f36264,BIFF광장,b9dab70a4eac8268531bbd26c0ac30aa,감천문화마을,26,부산광역시,26380,사하구,관광지,기타관광,기타관광,5
202504,26,부산광역시,26110,중구,8d9967059a6a10be7bbcb1d539f36264,BIFF광장,b4c94d6af3a4e36f6458d4ae7a1dbae1,용두산공원,26,부산광역시,26110,중구,관광지,문화관광,도시공원,6
202504,26,부산광역시,26110,중구,8d9967059a6a10be7bbcb1d539f36264,BIFF광장,4851287f81cca59620e3d6723a29d698,다이아몬드타워,26,부산광역시,26110,중구,관광지,문화관광,랜드마크관광,7
202504,26,부산광역시,26110,중구,8d9967059a6a10be7bbcb1d539f36264,BIFF광장,b9772199f0e3db266edf35f0520d616e,아르떼뮤지엄/부산,26,부산광역시,26200,영도구,관광지,문화관광,전시시설,8
202504,26,부산광역시,26110,중구,8d9967059a6a10be7bbcb1d539f36264,BIFF광장,eaa81702d59cd45f8d10062010b96f21,코모도호텔/부산,26,부산광역시,26110,중구,숙박,숙박,호텔,9
202504,26,부산광역시,26110,중구,8d9967059a6a10be7bbcb1d539f36264,BIFF광장,b175902d3cb99348a4864f63588f9c77,부평깡통시장,26,부산광역시,26110,중구,관광지,쇼핑,시장,10
202504,26,부산광역시,26110,중구,8d9967059a6a10be7bbcb1d539f36264,BIFF광장,af03ef734b93e4c28b68955a5a130dbf,런닝맨/부산점,26,부산광역시,26230,부산진구,관광지,문화관광,테마공원,11
202504,26,부산광역시,26110,중구,8d9967059a6a10be7bbcb1d539f36264,BIFF광장,e34f03723ed6ac362c2c065e1cfee197,해운대센텀호텔,26,부산광역시,26350,해운대구,숙박,숙박,호텔,12
202504,26,부산광역시,26110,중구,8d9967059a6a10be7bbcb1d539f36264,BIFF광장,4773f998781b90f3b157428b958b962b,그랜드조선/부산,26,부산광역시,26350,해운대구,숙박,숙박,호텔,13
202504,26,부산광역시,26110,중구,8d9967059a6a10be7bbcb1d539f36264,BIFF광장,260407cb635612f7f216d066c82a2627,맥도날드/달맞이DT점,26,부산광역시,26350,해운대구,음식,음식,간이음식,14
202504,26,부산광역시,26110,중구,8d9967059a6a10be7bbcb1d539f36264,BIFF광장,430f55069ccce34d3fe9358693a6740a,쌍둥이돼지국밥/본점,26,부산광역시,26290,남구,음식,음식,한식,15
202504,26,부산광역시,26110,중구,8d9967059a6a10be7bbcb1d539f36264,BIFF광장,db3f7caf68d28124d5b5d654de5ebe2a,엠유,26,부산광역시,26110,중구,숙박,숙박,호텔,16
202504,26,부산광역시,26110,중구,8d9967059a6a10be7bbcb1d539f36264,BIFF광장,3de5cc53f2870f717ae81455c66b9ade,언양닭칼국수/센텀점,26,부산광역시,26350,해운대구,음식,음식,한식,17
202504,26,부산광역시,26110,중구,8d9967059a6a10be7bbcb1d539f36264,BIFF광장,5938262c1a40bb1e424180bc8a3d0d55,닥밭골벽화마을,26,부산광역시,26140,서구,관광지,기타관광,기타관광,18
202504,26,부산광역시,26110,중구,8d9967059a6a10be7bbcb1d539f36264,BIFF광장,c508bf04e756981369cedde14d39dcac,김가네가야밀면,26,부산광역시,26440,강서구,음식,음식,한식,19
202504,26,부산광역시,26110,중구,8d9967059a6a10be7bbcb1d539f36264,BIFF광장,18f4ac344eec8718342b73f4f5294aef,롯데리아/부산비프광장점,26,부산광역시,26110,중구,음식,음식,간이음식,20
202504,26,부산광역시,26110,중구,8d9967059a6a10be7bbcb1d539f36264,BIFF광장,8c1c1bfc8a2750310c5d1d0695ef74eb,피아크카페앤베이커리,26,부산광역시,26200,영도구,음식,음식,카페/찻집,21
202504,26,부산광역시,26110,중구,8d9967059a6a10be7bbcb1d539f36264,BIFF광장,bc8e257824b2a8ff287f1555e28407d4,한화리조트/해운대,26,부산광역시,26350,해운대구,숙박,숙박,콘도미니엄,22
202504,26,부산광역시,26110,중구,8d9967059a6a10be7bbcb1d539f36264,BIFF광장,3d45ad215dada248993ceafdc0d46e42,토요코인호텔/부산역1호점,26,부산광역시,26170,동구,숙박,숙박,호텔,23
202504,26,부산광역시,26110,중구,8d9967059a6a10be7bbcb1d539f36264,BIFF광장,a6f59d6d7c74f2bb3e87874cc2673652,호텔아델라,26,부산광역시,26200,영도구,숙박,숙박,호텔,24
202504,26,부산광역시,26110,중구,8d9967059a6a10be7bbcb1d539f36264,BIFF광장,4ede2287c1ebb54cc20e3db1f6636a4c,하단레이어스호텔,26,부산광역시,26380,사하구,숙박,숙박,호텔,25
202504,26,부산광역시,26110,중구,8d9967059a6a10be7bbcb1d539f36264,BIFF광장,80b68dec7a324fdf7d4bc5a5ef023994,다대포해수욕장,26,부산광역시,26380,사하구,관광지,자연관광,자연경관(하천/해양),26
202504,26,부산광역시,26110,중구,8d9967059a6a10be7bbcb1d539f36264,BIFF광장,ef99973d7ad5bfa438b1f8df442533e1,해운대달맞이길,26,부산광역시,26350,해운대구,관광지,기타관광,데이트코스,27
202504,26,부산광역시,26110,중구,8d9967059a6a10be7bbcb1d539f36264,BIFF광장,13ebbaee07ea5698bcbcae145eddb9da,루아앤티그리/광복점,26,부산광역시,26110,중구,음식,음식,전문음식,28
202504,26,부산광역시,26110,중구,8d9967059a6a10be7bbcb1d539f36264,BIFF광장,55fb28d15b37ccae55a90bf7fb88a19f,토요코인/부산해운대2호점,26,부산광역시,26350,해운대구,숙박,숙박,호텔,29
202504,26,부산광역시,26110,중구,8d9967059a6a10be7bbcb1d539f36264,BIFF광장,29736cfc113b4efd3e8c98a4b62954b9,스시키쿠,26,부산광역시,26110,중구,음식,음식,외국식,30
202504,26,부산광역시,26110,중구,8d9967059a6a10be7bbcb1d539f36264,BIFF광장,06c0dec6f88acb4faa75e990d68dcba6,센텀프리머스호텔,26,부산광역시,26350,해운대구,숙박,숙박,호텔,31
202504,26,부산광역시,26110,중구,8d9967059a6a10be7bbcb1d539f36264,BIFF광장,db82c1ded3b54528e072a1c9bc89863e,페어필드바이메리어트/부산송도비치,26,부산광역시,26140,서구,숙박,숙박,호텔,32
202504,26,부산광역시,26110,중구,8d9967059a6a10be7bbcb1d539f36264,BIFF광장,2495bffc6ffcf0ff0379f2e960f7eac2,부산비즈니스호텔,26,부산광역시,26230,부산진구,숙박,숙박,호텔,33
202504,26,부산광역시,26110,중구,8d9967059a6a10be7bbcb1d539f36264,BIFF광장,8307c22b414d1e709700d847aa8f7aeb,더엠호텔,26,부산광역시,26500,수영구,숙박,숙박,모텔,34
202504,26,부산광역시,26110,중구,8d9967059a6a10be7bbcb1d539f36264,BIFF광장,44ac8ec3a14fe761104ee20ed13d919f,복어나라,26,부산광역시,26380,사하구,음식,음식,전문음식,35
202504,26,부산광역시,26110,중구,8d9967059a6a10be7bbcb1d539f36264,BIFF광장,c52fe5f2c3c0e98a3afcd7f90da32324,해운대유람선터미널,26,부산광역시,26350,해운대구,관광지,기타관광,교통시설,36
202504,26,부산광역시,26110,중구,8d9967059a6a10be7bbcb1d539f36264,BIFF광장,549bc4c4eb4664151739287503544839,흰여울문화마을,26,부산광역시,26200,영도구,관광지,기타관광,기타관광,37
202504,26,부산광역시,26110,중구,8d9967059a6a10be7bbcb1d539f36264,BIFF광장,4cb9b6afe97b8c5fffb19af9227f8a36,동래사적공원,26,부산광역시,26260,동래구,관광지,문화관광,도시공원,38
202504,26,부산광역시,26110,중구,8d9967059a6a10be7bbcb1d539f36264,BIFF광장,9e01cec6d4a48020740cfa07244e650d,부산항국제여객터미널크루즈부두,26,부산광역시,26170,동구,관광지,자연관광,자연경관(하천/해양),39
202504,26,부산광역시,26110,중구,8d9967059a6a10be7bbcb1d539f36264,BIFF광장,443b8b68ac4e4cd7a7b2686d97a3d69a,"신동아시장15,16,17호",26,부산광역시,26110,중구,음식,음식,전문음식,40
202504,26,부산광역시,26110,중구,8d9967059a6a10be7bbcb1d539f36264,BIFF광장,215a1a1a47a3cca610e3493836babaf7,솔라리아니시테츠호텔/부산점,26,부산광역시,26230,부산진구,숙박,숙박,호텔,41
202504,26,부산광역시,26110,중구,8d9967059a6a10be7bbcb1d539f36264,BIFF광장,607153e3e7e879a86c9505cd5bcb1860,대변항,26,부산광역시,26710,기장군,관광지,자연관광,자연경관(하천/해양),42
202504,26,부산광역시,26110,중구,8d9967059a6a10be7bbcb1d539f36264,BIFF광장,058bffccede0f98a5b60bb6c268ab903,영도대교포장마차거리,26,부산광역시,26200,영도구,음식,음식,음식점기타,43
202504,26,부산광역시,26110,중구,8d9967059a6a10be7bbcb1d539f36264,BIFF광장,b915db33cec714c9edd0d3d0055fbdec,스탠포드호텔/부산,26,부산광역시,26110,중구,숙박,숙박,호텔,44
202504,26,부산광역시,26110,중구,8d9967059a6a10be7bbcb1d539f36264,BIFF광장,3c084e342c5c7955c27bd07463731102,국립해양박물관,26,부산광역시,26200,영도구,관광지,문화관광,전시시설,45
202504,26,부산광역시,26110,중구,8d9967059a6a10be7bbcb1d539f36264,BIFF광장,c5ea77dae9a3ceec63b57fdf88b63ad2,파크하얏트부산호텔,26,부산광역시,26350,해운대구,숙박,숙박,호텔,46
202504,26,부산광역시,26110,중구,8d9967059a6a10be7bbcb1d539f36264,BIFF광장,bd31c55b878ebaec79def68ff2e259b9,해운대블루라인파크/미포정거장,26,부산광역시,26350,해운대구,관광지,기타관광,기타관광,47
202504,26,부산광역시,26110,중구,8d9967059a6a10be7bbcb1d539f36264,BIFF광장,6199f879206b3b4e04e61051fc1f8c07,부곡시장,26,부산광역시,26410,금정구,관광지,쇼핑,시장,48
202504,26,부산광역시,26110,중구,8d9967059a6a10be7bbcb1d539f36264,BIFF광장,69707e2a65d17c7f4099124af0637b69,롯데백화점/광복점,26,부산광역시,26110,중구,관광지,쇼핑,백화점,49
202504,26,부산광역시,26110,중구,8d9967059a6a10be7bbcb1d539f36264,BIFF광장,63377825d62fdb5561daa19614de9d03,덴바스타프리미엄호텔/범일점,26,부산광역시,26170,동구,숙박,숙박,호텔,50
202504,26,부산광역시,26110,중구,d3470b0c6413ee83db24e3c92b6eb13e,광복로패션거리,7dffd5fd9a018ff2caa49c828786ebde,복천사,26,부산광역시,26200,영도구,관광지,역사관광,종교성지,1
202504,26,부산광역시,26110,중구,ccf40214e7861046a572df429ee6e389,국제시장,d6dc86e69c840d73ff5067a11c789691,자갈치시장,26,부산광역시,26110,중구,관광지,쇼핑,시장,1
202504,26,부산광역시,26110,중구,ccf40214e7861046a572df429ee6e389,국제시장,f4b4f749a6cdfd734d4512c18b227d6a,태종대,26,부산광역시,26200,영도구,관광지,역사관광,역사유적지,2
202504,26,부산광역시,26110,중구,ccf40214e7861046a572df429ee6e389,국제시장,b9dab70a4eac8268531bbd26c0ac30aa,감천문화마을,26,부산광역시,26380,사하구,관광지,기타관광,기타관광,3
202504,26,부산광역시,26110,중구,ccf40214e7861046a572df429ee6e389,국제시장,c63b5b337225ae746ba52eb7f398aac1,광안리해수욕장,26,부산광역시,26500,수영구,관광지,자연관광,자연경관(하천/해양),4
202504,26,부산광역시,26110,중구,ccf40214e7861046a572df429ee6e389,국제시장,d68c2c6af7cf6cb1092154f35a52c1c7,해동용궁사,26,부산광역시,26710,기장군,관광지,역사관광,종교성지,5
202504,26,부산광역시,26110,중구,ccf40214e7861046a572df429ee6e389,국제시장,bd31c55b878ebaec79def68ff2e259b9,해운대블루라인파크/미포정거장,26,부산광역시,26350,해운대구,관광지,기타관광,기타관광,6
202504,26,부산광역시,26110,중구,ccf40214e7861046a572df429ee6e389,국제시장,69707e2a65d17c7f4099124af0637b69,롯데백화점/광복점,26,부산광역시,26110,중구,관광지,쇼핑,백화점,7
202504,26,부산광역시,26110,중구,ccf40214e7861046a572df429ee6e389,국제시장,ca6e8851e611e1b92c5448d82208acdb,송도해상케이블카,26,부산광역시,26140,서구,관광지,기타관광,기타관광,8
202504,26,부산광역시,26110,중구,ccf40214e7861046a572df429ee6e389,국제시장,09485ccc9e6891848afe25485d9a1f94,이재모피자/본점,26,부산광역시,26110,중구,음식,음식,간이음식,9
202504,26,부산광역시,26110,중구,ccf40214e7861046a572df429ee6e389,국제시장,3c084e342c5c7955c27bd07463731102,국립해양박물관,26,부산광역시,26200,영도구,관광지,문화관광,전시시설,10
202504,26,부산광역시,26110,중구,ccf40214e7861046a572df429ee6e389,국제시장,4a86c619b46e66efe9ac02b85090ecac,신세계백화점/센텀시티점,26,부산광역시,26350,해운대구,관광지,쇼핑,백화점,11
202504,26,부산광역시,26110,중구,ccf40214e7861046a572df429ee6e389,국제시장,88222e7e5f8172698373086e65c1fad1,해운대해수욕장,26,부산광역시,26350,해운대구,관광지,자연관광,자연경관(하천/해양),12
202504,26,부산광역시,26110,중구,ccf40214e7861046a572df429ee6e389,국제시장,b4c94d6af3a4e36f6458d4ae7a1dbae1,용두산공원,26,부산광역시,26110,중구,관광지,문화관광,도시공원,13
202504,26,부산광역시,26110,중구,ccf40214e7861046a572df429ee6e389,국제시장,4f8c6518acd1e6ff053e589e0ac90fa7,송도해수욕장,26,부산광역시,26140,서구,관광지,자연관광,자연경관(하천/해양),14
202504,26,부산광역시,26110,중구,ccf40214e7861046a572df429ee6e389,국제시장,b2cd6fdc324c7e59e23f4249c1077c9d,태종대전망대,26,부산광역시,26200,영도구,관광지,문화관광,랜드마크관광,15
202504,26,부산광역시,26110,중구,ccf40214e7861046a572df429ee6e389,국제시장,8877984a63c9640ad6a4dec3ef934719,롯데백화점/부산본점,26,부산광역시,26230,부산진구,관광지,쇼핑,백화점,16
202504,26,부산광역시,26110,중구,ccf40214e7861046a572df429ee6e389,국제시장,3ccdedc105056f0261338e6232081fd5,부산민주공원,26,부산광역시,26110,중구,관광지,문화관광,도시공원,17
202504,26,부산광역시,26110,중구,ccf40214e7861046a572df429ee6e389,국제시장,093231be3cdaa9651091482fbeb0c973,오륙도스카이워크,26,부산광역시,26290,남구,관광지,문화관광,랜드마크관광,18
202504,26,부산광역시,26110,중구,ccf40214e7861046a572df429ee6e389,국제시장,b175902d3cb99348a4864f63588f9c77,부평깡통시장,26,부산광역시,26110,중구,관광지,쇼핑,시장,19
202504,26,부산광역시,26110,중구,ccf40214e7861046a572df429ee6e389,국제시장,bb09a61999b4ec002d39ece84b80d93f,해운대블루라인파크/송정정거장,26,부산광역시,26350,해운대구,관광지,기타관광,기타관광,20
202504,26,부산광역시,26110,중구,ccf40214e7861046a572df429ee6e389,국제시장,549bc4c4eb4664151739287503544839,흰여울문화마을,26,부산광역시,26200,영도구,관광지,기타관광,기타관광,21
202504,26,부산광역시,26110,중구,ccf40214e7861046a572df429ee6e389,국제시장,11248228bd3fed1d3ac3704814cfd76f,부산진시장,26,부산광역시,26170,동구,관광지,쇼핑,시장,22
202504,26,부산광역시,26110,중구,ccf40214e7861046a572df429ee6e389,국제시장,efa969abed9618809f442fb2ddd2cf04,해운대블루라인파크/청사포정거장,26,부산광역시,26350,해운대구,관광지,기타관광,기타관광,23
202504,26,부산광역시,26110,중구,ccf40214e7861046a572df429ee6e389,국제시장,5450fecdab3e998eb0d930d9f329f627,송도용궁구름다리,26,부산광역시,26140,서구,관광지,기타관광,기타관광,24
202504,26,부산광역시,26110,중구,ccf40214e7861046a572df429ee6e389,국제시장,77b5e14c250233954238a0dfb04f7279,부산요트경기장,26,부산광역시,26350,해운대구,관광지,레저스포츠,수상레저스포츠,25
202504,26,부산광역시,26110,중구,ccf40214e7861046a572df429ee6e389,국제시장,b9772199f0e3db266edf35f0520d616e,아르떼뮤지엄/부산,26,부산광역시,26200,영도구,관광지,문화관광,전시시설,26
202504,26,부산광역시,26110,중구,ccf40214e7861046a572df429ee6e389,국제시장,d3a6c1909ebec629dce00f018edbe268,SEA LIFE 부산아쿠아리움,26,부산광역시,26350,해운대구,관광지,문화관광,테마공원,27
202504,26,부산광역시,26110,중구,ccf40214e7861046a572df429ee6e389,국제시장,5d1d3c1b8a25880e1972a609dd3c2323,초량불백,26,부산광역시,26170,동구,음식,음식,한식,28
202504,26,부산광역시,26110,중구,ccf40214e7861046a572df429ee6e389,국제시장,6abba2b0f2a87c73e4491b671b785aac,르컬렉티브/해운대패러그라프,26,부산광역시,26350,해운대구,숙박,숙박,호텔,29
202504,26,부산광역시,26110,중구,ccf40214e7861046a572df429ee6e389,국제시장,7ba33a7e7c4f4ea7fa80ea287e1d43c6,웨스틴조선호텔/부산,26,부산광역시,26350,해운대구,숙박,숙박,호텔,30
202504,26,부산광역시,26110,중구,ccf40214e7861046a572df429ee6e389,국제시장,400bca2a8a0178adf57514de6b680907,오륙도해맞이공원,26,부산광역시,26290,남구,관광지,문화관광,도시공원,31
202504,26,부산광역시,26110,중구,ccf40214e7861046a572df429ee6e389,국제시장,430cef11b1f6bcd40b4ba642743d7e1b,모모스커피/영도로스터리&커피바,26,부산광역시,26200,영도구,음식,음식,카페/찻집,32
202504,26,부산광역시,26110,중구,ccf40214e7861046a572df429ee6e389,국제시장,a5e4a370e1c7a59d050ae6bb0eaccd3e,르네시떼,26,부산광역시,26530,사상구,관광지,쇼핑,쇼핑몰,33
202504,26,부산광역시,26110,중구,ccf40214e7861046a572df429ee6e389,국제시장,03cd5f7c1a7de4c3b1a2138a3293a9c6,다솥맛집,26,부산광역시,26350,해운대구,음식,음식,한식,34
202504,26,부산광역시,26110,중구,ccf40214e7861046a572df429ee6e389,국제시장,784a21debbe01f9aff1fedd7286d478c,태종대다누비열차,26,부산광역시,26200,영도구,관광지,기타관광,기타관광,35
202504,26,부산광역시,26110,중구,ccf40214e7861046a572df429ee6e389,국제시장,029b9cadaeeb00ed9934ecd1db7bf8a8,신라스테이/해운대,26,부산광역시,26350,해운대구,숙박,숙박,호텔,36
202504,26,부산광역시,26110,중구,ccf40214e7861046a572df429ee6e389,국제시장,1891d6f87944f179de9c584068b52e20,대저생태공원,26,부산광역시,26440,강서구,관광지,문화관광,도시공원,37
202504,26,부산광역시,26110,중구,ccf40214e7861046a572df429ee6e389,국제시장,23322e28bac2158412abd7bb0c7c4229,부산항국제여객터미널,26,부산광역시,26170,동구,관광지,기타관광,교통시설,38
202504,26,부산광역시,26110,중구,ccf40214e7861046a572df429ee6e389,국제시장,8335e7708d550cbafd1933dfe1d2e1f2,소노문해운대,26,부산광역시,26350,해운대구,숙박,숙박,호텔,39
202504,26,부산광역시,26110,중구,ccf40214e7861046a572df429ee6e389,국제시장,5273477032d69237c2967e5372966eec,라발스호텔,26,부산광역시,26200,영도구,숙박,숙박,호텔,40
202504,26,부산광역시,26110,중구,ccf40214e7861046a572df429ee6e389,국제시장,7865ea02379f93aecd242ae0167309f9,F1963,26,부산광역시,26500,수영구,관광지,문화관광,기타문화관광지,41
202504,26,부산광역시,26110,중구,ccf40214e7861046a572df429ee6e389,국제시장,bc8e257824b2a8ff287f1555e28407d4,한화리조트/해운대,26,부산광역시,26350,해운대구,숙박,숙박,콘도미니엄,42
202504,26,부산광역시,26110,중구,ccf40214e7861046a572df429ee6e389,국제시장,894cad8e9c416a225bf8118aa3e08f17,시그니엘/부산,26,부산광역시,26350,해운대구,숙박,숙박,호텔,43
202504,26,부산광역시,26110,중구,ccf40214e7861046a572df429ee6e389,국제시장,844fb3b8a638bb5869a3855271556b10,롯데프리미엄아울렛/동부산점,26,부산광역시,26710,기장군,관광지,쇼핑,쇼핑몰,44
202504,26,부산광역시,26110,중구,ccf40214e7861046a572df429ee6e389,국제시장,3a22edadd15d8b598eedda1f18e52af2,지앤비호텔,26,부산광역시,26110,중구,숙박,숙박,호텔,45
202504,26,부산광역시,26110,중구,ccf40214e7861046a572df429ee6e389,국제시장,66c59ed800f7077a155d203ded361df6,부산자유도매시장,26,부산광역시,26170,동구,관광지,쇼핑,시장,46
202504,26,부산광역시,26110,중구,ccf40214e7861046a572df429ee6e389,국제시장,ef99973d7ad5bfa438b1f8df442533e1,해운대달맞이길,26,부산광역시,26350,해운대구,관광지,기타관광,데이트코스,47
202504,26,부산광역시,26110,중구,ccf40214e7861046a572df429ee6e389,국제시장,452a5cd786c68a95fa96e9d940ac21f8,커넥트 현대,26,부산광역시,26170,동구,관광지,쇼핑,백화점,48
202504,26,부산광역시,26110,중구,ccf40214e7861046a572df429ee6e389,국제시장,1afce0d010e203fa0b9b7c3e138777fe,삼락생태공원,26,부산광역시,26530,사상구,관광지,문화관광,도시공원,49
202504,26,부산광역시,26110,중구,ccf40214e7861046a572df429ee6e389,국제시장,7305176e0206f8119edac195a765de10,중앙모밀,26,부산광역시,26110,중구,음식,음식,한식,50
202504,26,부산광역시,26110,중구,c8ebd43a29c2e93440cc7ff72a09da0a,대각사,69707e2a65d17c7f4099124af0637b69,롯데백화점/광복점,26,부산광역시,26110,중구,관광지,쇼핑,백화점,1
202504,26,부산광역시,26110,중구,c8ebd43a29c2e93440cc7ff72a09da0a,대각사,c5ea77dae9a3ceec63b57fdf88b63ad2,파크하얏트부산호텔,26,부산광역시,26350,해운대구,숙박,숙박,호텔,2
202504,26,부산광역시,26110,중구,c8ebd43a29c2e93440cc7ff72a09da0a,대각사,28a1f92bf8f5e43e9b8b949d490fa24a,기장동원로얄컨트리클럽,26,부산광역시,26710,기장군,관광지,레저스포츠,육상레저스포츠,3
202504,26,부산광역시,26110,중구,c8ebd43a29c2e93440cc7ff72a09da0a,대각사,71c0d06cca711023437ac400cadb31f5,삼광사,26,부산광역시,26230,부산진구,관광지,역사관광,종교성지,4
202504,26,부산광역시,26110,중구,c8ebd43a29c2e93440cc7ff72a09da0a,대각사,1f8bcad3ce1c724364d715349850cd5c,와이즈파크/광복점,26,부산광역시,26110,중구,관광지,쇼핑,쇼핑몰,5
202504,26,부산광역시,26110,중구,3ccdedc105056f0261338e6232081fd5,부산민주공원,cfe0563b1a857a9a768d94aef6df93a5,초량1941,26,부산광역시,26170,동구,음식,음식,카페/찻집,1
202504,26,부산광역시,26110,중구,3ccdedc105056f0261338e6232081fd5,부산민주공원,ccf40214e7861046a572df429ee6e389,국제시장,26,부산광역시,26110,중구,관광지,쇼핑,시장,2
202504,26,부산광역시,26110,중구,3ccdedc105056f0261338e6232081fd5,부산민주공원,69707e2a65d17c7f4099124af0637b69,롯데백화점/광복점,26,부산광역시,26110,중구,관광지,쇼핑,백화점,3
202504,26,부산광역시,26110,중구,3ccdedc105056f0261338e6232081fd5,부산민주공원,d6dc86e69c840d73ff5067a11c789691,자갈치시장,26,부산광역시,26110,중구,관광지,쇼핑,시장,4
202504,26,부산광역시,26110,중구,3ccdedc105056f0261338e6232081fd5,부산민주공원,1891d6f87944f179de9c584068b52e20,대저생태공원,26,부산광역시,26440,강서구,관광지,문화관광,도시공원,5
202504,26,부산광역시,26110,중구,3ccdedc105056f0261338e6232081fd5,부산민주공원,52d871a5025577ad6259aa2e95767a7f,아브니르,26,부산광역시,26170,동구,음식,음식,카페/찻집,6
202504,26,부산광역시,26110,중구,3ccdedc105056f0261338e6232081fd5,부산민주공원,9e20fca20ad9ba57065497d37d96cb79,맥도날드/부산초량DT점,26,부산광역시,26170,동구,음식,음식,간이음식,7
202504,26,부산광역시,26110,중구,3ccdedc105056f0261338e6232081fd5,부산민주공원,b175902d3cb99348a4864f63588f9c77,부평깡통시장,26,부산광역시,26110,중구,관광지,쇼핑,시장,8
202504,26,부산광역시,26110,중구,3ccdedc105056f0261338e6232081fd5,부산민주공원,116db0970a236e4e71860077e3c6f206,북항친수공원,26,부산광역시,26170,동구,관광지,문화관광,도시공원,9
202504,26,부산광역시,26110,중구,3ccdedc105056f0261338e6232081fd5,부산민주공원,b4c94d6af3a4e36f6458d4ae7a1dbae1,용두산공원,26,부산광역시,26110,중구,관광지,문화관광,도시공원,10
202504,26,부산광역시,26110,중구,3ccdedc105056f0261338e6232081fd5,부산민주공원,23322e28bac2158412abd7bb0c7c4229,부산항국제여객터미널,26,부산광역시,26170,동구,관광지,기타관광,교통시설,11
202504,26,부산광역시,26110,중구,3ccdedc105056f0261338e6232081fd5,부산민주공원,5d1d3c1b8a25880e1972a609dd3c2323,초량불백,26,부산광역시,26170,동구,음식,음식,한식,12
202504,26,부산광역시,26110,중구,3ccdedc105056f0261338e6232081fd5,부산민주공원,e19878824d712b8aeb9c91c6cbe47aa4,고관함박,26,부산광역시,26170,동구,음식,음식,전문음식,13
202504,26,부산광역시,26110,중구,3ccdedc105056f0261338e6232081fd5,부산민주공원,09485ccc9e6891848afe25485d9a1f94,이재모피자/본점,26,부산광역시,26110,중구,음식,음식,간이음식,14
202504,26,부산광역시,26110,중구,3ccdedc105056f0261338e6232081fd5,부산민주공원,99d6a11a2a10ff161b6b6f0e8166a2c9,UN기념공원,26,부산광역시,26290,남구,관광지,문화관광,도시공원,15
202504,26,부산광역시,26110,중구,3ccdedc105056f0261338e6232081fd5,부산민주공원,5938262c1a40bb1e424180bc8a3d0d55,닥밭골벽화마을,26,부산광역시,26140,서구,관광지,기타관광,기타관광,16
202504,26,부산광역시,26110,중구,3ccdedc105056f0261338e6232081fd5,부산민주공원,e3e21c5cd7f25921dfe9713f02ebcd9e,장림골목시장,26,부산광역시,26380,사하구,관광지,쇼핑,시장,17
202504,26,부산광역시,26110,중구,3ccdedc105056f0261338e6232081fd5,부산민주공원,4f8c6518acd1e6ff053e589e0ac90fa7,송도해수욕장,26,부산광역시,26140,서구,관광지,자연관광,자연경관(하천/해양),18
202504,26,부산광역시,26110,중구,3ccdedc105056f0261338e6232081fd5,부산민주공원,d68c2c6af7cf6cb1092154f35a52c1c7,해동용궁사,26,부산광역시,26710,기장군,관광지,역사관광,종교성지,19
202504,26,부산광역시,26110,중구,3ccdedc105056f0261338e6232081fd5,부산민주공원,430cef11b1f6bcd40b4ba642743d7e1b,모모스커피/영도로스터리&커피바,26,부산광역시,26200,영도구,음식,음식,카페/찻집,20
202504,26,부산광역시,26110,중구,3ccdedc105056f0261338e6232081fd5,부산민주공원,3c084e342c5c7955c27bd07463731102,국립해양박물관,26,부산광역시,26200,영도구,관광지,문화관광,전시시설,21
202504,26,부산광역시,26110,중구,3ccdedc105056f0261338e6232081fd5,부산민주공원,b9dab70a4eac8268531bbd26c0ac30aa,감천문화마을,26,부산광역시,26380,사하구,관광지,기타관광,기타관광,22
202504,26,부산광역시,26110,중구,3ccdedc105056f0261338e6232081fd5,부산민주공원,80b68dec7a324fdf7d4bc5a5ef023994,다대포해수욕장,26,부산광역시,26380,사하구,관광지,자연관광,자연경관(하천/해양),23
202504,26,부산광역시,26110,중구,3ccdedc105056f0261338e6232081fd5,부산민주공원,f6cf6f78ec1a3bc93ecd12c4e1d30332,오구카페,26,부산광역시,26200,영도구,음식,음식,카페/찻집,24
202504,26,부산광역시,26110,중구,3ccdedc105056f0261338e6232081fd5,부산민주공원,c2a65049f23ee105a35fbee6870b0f20,영도면옥,26,부산광역시,26200,영도구,음식,음식,한식,25
202504,26,부산광역시,26110,중구,3ccdedc105056f0261338e6232081fd5,부산민주공원,52d97f18d108708481e07f7d563f144a,부산시민공원,26,부산광역시,26230,부산진구,관광지,문화관광,도시공원,26
202504,26,부산광역시,26110,중구,3ccdedc105056f0261338e6232081fd5,부산민주공원,8ec7ea341b7c7578cf6f8cbf9ff0d2b1,이정태본참치,26,부산광역시,26110,중구,음식,음식,전문음식,27
202504,26,부산광역시,26110,중구,3ccdedc105056f0261338e6232081fd5,부산민주공원,3f35e4977363144af5122a5a9b32edce,쥬디스태화/본관,26,부산광역시,26230,부산진구,관광지,쇼핑,쇼핑몰,28
202504,26,부산광역시,26110,중구,3ccdedc105056f0261338e6232081fd5,부산민주공원,b588ccafa7c78d2e2a98c19834de0008,카페시온,26,부산광역시,26380,사하구,음식,음식,카페/찻집,29
202504,26,부산광역시,26110,중구,3ccdedc105056f0261338e6232081fd5,부산민주공원,ca6e8851e611e1b92c5448d82208acdb,송도해상케이블카,26,부산광역시,26140,서구,관광지,기타관광,기타관광,30
202504,26,부산광역시,26110,중구,3ccdedc105056f0261338e6232081fd5,부산민주공원,db858770cfae01a941e10631794d7291,사천게장집,26,부산광역시,26530,사상구,음식,음식,전문음식,31
202504,26,부산광역시,26110,중구,3ccdedc105056f0261338e6232081fd5,부산민주공원,758c635777e440e9da1793c5b9cc4533,오륙도,26,부산광역시,26290,남구,관광지,자연관광,자연경관(하천/해양),32
202504,26,부산광역시,26110,중구,3ccdedc105056f0261338e6232081fd5,부산민주공원,a3d06e836946ebc5c5dbfaccd5f72bfc,갓샷,26,부산광역시,26710,기장군,음식,음식,카페/찻집,33
202504,26,부산광역시,26110,중구,3ccdedc105056f0261338e6232081fd5,부산민주공원,9e6cce5d6ed7fcaf0ffb8d78f7e7e0b4,프라임관광호텔,26,부산광역시,26170,동구,숙박,숙박,호텔,34
202504,26,부산광역시,26110,중구,3ccdedc105056f0261338e6232081fd5,부산민주공원,ece490964e4834d4cc5249cb5950ecbd,톤쇼우/광안점,26,부산광역시,26500,수영구,음식,음식,전문음식,35
202504,26,부산광역시,26110,중구,3ccdedc105056f0261338e6232081fd5,부산민주공원,e3b50e658072efcae60d11648985358c,대궐안집,26,부산광역시,26530,사상구,음식,음식,한식,36
202504,26,부산광역시,26110,중구,3ccdedc105056f0261338e6232081fd5,부산민주공원,9d18ac0b1a56aa1cb82c1b41dcc95376,60년전통할매국밥,26,부산광역시,26170,동구,음식,음식,한식,37
202504,26,부산광역시,26110,중구,3ccdedc105056f0261338e6232081fd5,부산민주공원,89c6c48d2629676d4620cca807c53ce8,차이나타운,26,부산광역시,26170,동구,관광지,문화관광,테마공원,38
202504,26,부산광역시,26110,중구,3ccdedc105056f0261338e6232081fd5,부산민주공원,f445687dcd390e03159564b2eb73f218,이재모피자/부산역점,26,부산광역시,26170,동구,음식,음식,간이음식,39
202504,26,부산광역시,26110,중구,3ccdedc105056f0261338e6232081fd5,부산민주공원,61ba6902c008cecff899a14a5c35b608,원조18번완당발국수,26,부산광역시,26140,서구,음식,음식,한식,40
202504,26,부산광역시,26110,중구,3ccdedc105056f0261338e6232081fd5,부산민주공원,e2ea408c982553a917e1d578f7980b7b,신발원,26,부산광역시,26170,동구,음식,음식,외국식,41
202504,26,부산광역시,26110,중구,3ccdedc105056f0261338e6232081fd5,부산민주공원,1ff8a5ae8db990462539988e317d1223,부산중앙공원,26,부산광역시,26140,서구,관광지,문화관광,도시공원,42
202504,26,부산광역시,26110,중구,3ccdedc105056f0261338e6232081fd5,부산민주공원,f4b4f749a6cdfd734d4512c18b227d6a,태종대,26,부산광역시,26200,영도구,관광지,역사관광,역사유적지,43
202504,26,부산광역시,26110,중구,3ccdedc105056f0261338e6232081fd5,부산민주공원,176a128dcb3cc49d43f4a00fdf1ecfe5,목장원,26,부산광역시,26200,영도구,음식,음식,한식,44
202504,26,부산광역시,26110,중구,3ccdedc105056f0261338e6232081fd5,부산민주공원,eaa81702d59cd45f8d10062010b96f21,코모도호텔/부산,26,부산광역시,26110,중구,숙박,숙박,호텔,45
202504,26,부산광역시,26110,중구,3ccdedc105056f0261338e6232081fd5,부산민주공원,50b2cdcb2d1b111a91085265d1621a97,하이디라오/부산역점,26,부산광역시,26170,동구,음식,음식,외국식,46
202504,26,부산광역시,26110,중구,3ccdedc105056f0261338e6232081fd5,부산민주공원,c4da5dda8499661614a6428d0b33bcf3,임시수도기념관,26,부산광역시,26140,서구,관광지,문화관광,전시시설,47
202504,26,부산광역시,26110,중구,3ccdedc105056f0261338e6232081fd5,부산민주공원,bb973217cb43dbf389d1053bfeddc37e,황령산레포츠공원,26,부산광역시,26230,부산진구,관광지,문화관광,도시공원,48
202504,26,부산광역시,26110,중구,3ccdedc105056f0261338e6232081fd5,부산민주공원,525dae255919cd72942753463cf4da95,코지하우스/부산시민공원점,26,부산광역시,26230,부산진구,음식,음식,전문음식,49
202504,26,부산광역시,26110,중구,3ccdedc105056f0261338e6232081fd5,부산민주공원,6acaf8733aab5a56c54dfb8a040c7a55,황령산벚꽃길,26,부산광역시,26470,연제구,관광지,기타관광,기타관광,50
202504,26,부산광역시,26110,중구,d5c0946097eaee074034908056f56a8e,부산세관박물관,a9ab45b4d8822b54263d80946f41a93b,조자룡,26,부산광역시,26710,기장군,음식,음식,한식,1
202504,26,부산광역시,26110,중구,d5c0946097eaee074034908056f56a8e,부산세관박물관,5273477032d69237c2967e5372966eec,라발스호텔,26,부산광역시,26200,영도구,숙박,숙박,호텔,2
202504,26,부산광역시,26110,중구,b175902d3cb99348a4864f63588f9c77,부평깡통시장,d6dc86e69c840d73ff5067a11c789691,자갈치시장,26,부산광역시,26110,중구,관광지,쇼핑,시장,1
202504,26,부산광역시,26110,중구,b175902d3cb99348a4864f63588f9c77,부평깡통시장,549bc4c4eb4664151739287503544839,흰여울문화마을,26,부산광역시,26200,영도구,관광지,기타관광,기타관광,2
202504,26,부산광역시,26110,중구,b175902d3cb99348a4864f63588f9c77,부평깡통시장,4f8c6518acd1e6ff053e589e0ac90fa7,송도해수욕장,26,부산광역시,26140,서구,관광지,자연관광,자연경관(하천/해양),3
202504,26,부산광역시,26110,중구,b175902d3cb99348a4864f63588f9c77,부평깡통시장,b9dab70a4eac8268531bbd26c0ac30aa,감천문화마을,26,부산광역시,26380,사하구,관광지,기타관광,기타관광,4
202504,26,부산광역시,26110,중구,b175902d3cb99348a4864f63588f9c77,부평깡통시장,f4b4f749a6cdfd734d4512c18b227d6a,태종대,26,부산광역시,26200,영도구,관광지,역사관광,역사유적지,5
202504,26,부산광역시,26110,중구,b175902d3cb99348a4864f63588f9c77,부평깡통시장,ccf40214e7861046a572df429ee6e389,국제시장,26,부산광역시,26110,중구,관광지,쇼핑,시장,6
202504,26,부산광역시,26110,중구,b175902d3cb99348a4864f63588f9c77,부평깡통시장,b4c94d6af3a4e36f6458d4ae7a1dbae1,용두산공원,26,부산광역시,26110,중구,관광지,문화관광,도시공원,7
202504,26,부산광역시,26110,중구,b175902d3cb99348a4864f63588f9c77,부평깡통시장,3ccdedc105056f0261338e6232081fd5,부산민주공원,26,부산광역시,26110,중구,관광지,문화관광,도시공원,8
202504,26,부산광역시,26110,중구,b175902d3cb99348a4864f63588f9c77,부평깡통시장,c63b5b337225ae746ba52eb7f398aac1,광안리해수욕장,26,부산광역시,26500,수영구,관광지,자연관광,자연경관(하천/해양),9
202504,26,부산광역시,26110,중구,b175902d3cb99348a4864f63588f9c77,부평깡통시장,093231be3cdaa9651091482fbeb0c973,오륙도스카이워크,26,부산광역시,26290,남구,관광지,문화관광,랜드마크관광,10
202504,26,부산광역시,26110,중구,b175902d3cb99348a4864f63588f9c77,부평깡통시장,09485ccc9e6891848afe25485d9a1f94,이재모피자/본점,26,부산광역시,26110,중구,음식,음식,간이음식,11
202504,26,부산광역시,26110,중구,b175902d3cb99348a4864f63588f9c77,부평깡통시장,8f2047659a4ecfe1cda3579c0b964211,스릴온더머그,26,부산광역시,26200,영도구,음식,음식,카페/찻집,12
202504,26,부산광역시,26110,중구,b175902d3cb99348a4864f63588f9c77,부평깡통시장,d68c2c6af7cf6cb1092154f35a52c1c7,해동용궁사,26,부산광역시,26710,기장군,관광지,역사관광,종교성지,13
202504,26,부산광역시,26110,중구,b175902d3cb99348a4864f63588f9c77,부평깡통시장,b2cd6fdc324c7e59e23f4249c1077c9d,태종대전망대,26,부산광역시,26200,영도구,관광지,문화관광,랜드마크관광,14
202504,26,부산광역시,26110,중구,b175902d3cb99348a4864f63588f9c77,부평깡통시장,71c0d06cca711023437ac400cadb31f5,삼광사,26,부산광역시,26230,부산진구,관광지,역사관광,종교성지,15
202504,26,부산광역시,26110,중구,b175902d3cb99348a4864f63588f9c77,부평깡통시장,4851287f81cca59620e3d6723a29d698,다이아몬드타워,26,부산광역시,26110,중구,관광지,문화관광,랜드마크관광,16
202504,26,부산광역시,26110,중구,b175902d3cb99348a4864f63588f9c77,부평깡통시장,88222e7e5f8172698373086e65c1fad1,해운대해수욕장,26,부산광역시,26350,해운대구,관광지,자연관광,자연경관(하천/해양),17
202504,26,부산광역시,26110,중구,b175902d3cb99348a4864f63588f9c77,부평깡통시장,524696822f0f7e7b227a758542e59c80,부산시티호텔,26,부산광역시,26470,연제구,숙박,숙박,호텔,18
202504,26,부산광역시,26110,중구,b175902d3cb99348a4864f63588f9c77,부평깡통시장,89c6c48d2629676d4620cca807c53ce8,차이나타운,26,부산광역시,26170,동구,관광지,문화관광,테마공원,19
202504,26,부산광역시,26110,중구,b175902d3cb99348a4864f63588f9c77,부평깡통시장,31df7b99cd7188d46616e9247fc323df,더베이101,26,부산광역시,26350,해운대구,관광지,문화관광,기타문화관광지,20
202504,26,부산광역시,26110,중구,b175902d3cb99348a4864f63588f9c77,부평깡통시장,3d65b6165d0d8357a7e20d17163956ee,김해공항국내선청사,26,부산광역시,26440,강서구,관광지,기타관광,교통시설,21
202504,26,부산광역시,26110,중구,b175902d3cb99348a4864f63588f9c77,부평깡통시장,f7679d376645a5c63718a511d0d9199c,해운대가야밀면,26,부산광역시,26350,해운대구,음식,음식,한식,22
202504,26,부산광역시,26110,중구,b175902d3cb99348a4864f63588f9c77,부평깡통시장,e2ea408c982553a917e1d578f7980b7b,신발원,26,부산광역시,26170,동구,음식,음식,외국식,23
202504,26,부산광역시,26110,중구,b175902d3cb99348a4864f63588f9c77,부평깡통시장,2a9ec56385a928c1c398979a0746ff9f,밀락더마켓,26,부산광역시,26500,수영구,관광지,쇼핑,쇼핑몰,24
202504,26,부산광역시,26110,중구,b175902d3cb99348a4864f63588f9c77,부평깡통시장,85d46212280644534300c0c0c6474e6c,롯데백화점/에비뉴엘부산본점,26,부산광역시,26230,부산진구,관광지,쇼핑,백화점,25
202504,26,부산광역시,26110,중구,b175902d3cb99348a4864f63588f9c77,부평깡통시장,9d18ac0b1a56aa1cb82c1b41dcc95376,60년전통할매국밥,26,부산광역시,26170,동구,음식,음식,한식,26
202504,26,부산광역시,26110,중구,b175902d3cb99348a4864f63588f9c77,부평깡통시장,b1f3c1a67afb3383797c65792f81d61a,엄궁농산물도매시장,26,부산광역시,26530,사상구,관광지,쇼핑,시장,27
202504,26,부산광역시,26110,중구,b175902d3cb99348a4864f63588f9c77,부평깡통시장,69707e2a65d17c7f4099124af0637b69,롯데백화점/광복점,26,부산광역시,26110,중구,관광지,쇼핑,백화점,28
202504,26,부산광역시,26110,중구,b175902d3cb99348a4864f63588f9c77,부평깡통시장,ab8c7c8ffd87dcbff6ba11becf2c5d85,뉴시즈오시리아레지던스,26,부산광역시,26710,기장군,숙박,숙박,기타숙박,29
202504,26,부산광역시,26110,중구,b175902d3cb99348a4864f63588f9c77,부평깡통시장,4a86c619b46e66efe9ac02b85090ecac,신세계백화점/센텀시티점,26,부산광역시,26350,해운대구,관광지,쇼핑,백화점,30
202504,26,부산광역시,26110,중구,b175902d3cb99348a4864f63588f9c77,부평깡통시장,62b671a97c4e4c6209423dbf3bfa49a8,동백섬,26,부산광역시,26350,해운대구,관광지,자연관광,자연경관(하천/해양),31
202504,26,부산광역시,26110,중구,b175902d3cb99348a4864f63588f9c77,부평깡통시장,430cef11b1f6bcd40b4ba642743d7e1b,모모스커피/영도로스터리&커피바,26,부산광역시,26200,영도구,음식,음식,카페/찻집,32
202504,26,부산광역시,26110,중구,b175902d3cb99348a4864f63588f9c77,부평깡통시장,664bcb8aaae12fcedf6b388e569532d8,벡스코/제1전시장,26,부산광역시,26350,해운대구,관광지,문화관광,전시시설,33
202504,26,부산광역시,26110,중구,b175902d3cb99348a4864f63588f9c77,부평깡통시장,c5ea77dae9a3ceec63b57fdf88b63ad2,파크하얏트부산호텔,26,부산광역시,26350,해운대구,숙박,숙박,호텔,34
202504,26,부산광역시,26110,중구,b175902d3cb99348a4864f63588f9c77,부평깡통시장,fffd50c4974aaa13fa5fe9f684d60555,남천보성녹차팥빙수,26,부산광역시,26500,수영구,음식,음식,카페/찻집,35
202504,26,부산광역시,26110,중구,b175902d3cb99348a4864f63588f9c77,부평깡통시장,7ba33a7e7c4f4ea7fa80ea287e1d43c6,웨스틴조선호텔/부산,26,부산광역시,26350,해운대구,숙박,숙박,호텔,36
202504,26,부산광역시,26110,중구,b175902d3cb99348a4864f63588f9c77,부평깡통시장,e2509b6a0d75f21dcadfa9cfd64da0f4,영무파라드호텔/해운대,26,부산광역시,26350,해운대구,숙박,숙박,호텔,37
202504,26,부산광역시,26110,중구,b175902d3cb99348a4864f63588f9c77,부평깡통시장,efa969abed9618809f442fb2ddd2cf04,해운대블루라인파크/청사포정거장,26,부산광역시,26350,해운대구,관광지,기타관광,기타관광,38
202504,26,부산광역시,26110,중구,b175902d3cb99348a4864f63588f9c77,부평깡통시장,139041b3ed0f4268495521af7e156cd3,예이제/[한식],26,부산광역시,26350,해운대구,음식,음식,한식,39
202504,26,부산광역시,26110,중구,b175902d3cb99348a4864f63588f9c77,부평깡통시장,46760a68bdafbf8cc4606a4193450653,암남공원,26,부산광역시,26140,서구,관광지,문화관광,도시공원,40
202504,26,부산광역시,26110,중구,b175902d3cb99348a4864f63588f9c77,부평깡통시장,5273477032d69237c2967e5372966eec,라발스호텔,26,부산광역시,26200,영도구,숙박,숙박,호텔,41
202504,26,부산광역시,26110,중구,b175902d3cb99348a4864f63588f9c77,부평깡통시장,4194d298549e499704d1520c70d02b9d,켄트호텔by켄싱턴,26,부산광역시,26500,수영구,숙박,숙박,호텔,42
202504,26,부산광역시,26110,중구,b175902d3cb99348a4864f63588f9c77,부평깡통시장,db82c1ded3b54528e072a1c9bc89863e,페어필드바이메리어트/부산송도비치,26,부산광역시,26140,서구,숙박,숙박,호텔,43
202504,26,부산광역시,26110,중구,b175902d3cb99348a4864f63588f9c77,부평깡통시장,b3c6c350fec6b9f65ad8e85e245f33f8,이화장횟집,26,부산광역시,26710,기장군,음식,음식,전문음식,44
202504,26,부산광역시,26110,중구,b175902d3cb99348a4864f63588f9c77,부평깡통시장,66c59ed800f7077a155d203ded361df6,부산자유도매시장,26,부산광역시,26170,동구,관광지,쇼핑,시장,45
202504,26,부산광역시,26110,중구,b175902d3cb99348a4864f63588f9c77,부평깡통시장,3b4b01d135b3dc4906155767967c4afe,파라다이스호텔/부산,26,부산광역시,26350,해운대구,숙박,숙박,호텔,46
202504,26,부산광역시,26110,중구,b175902d3cb99348a4864f63588f9c77,부평깡통시장,99d6a11a2a10ff161b6b6f0e8166a2c9,UN기념공원,26,부산광역시,26290,남구,관광지,문화관광,도시공원,47
202504,26,부산광역시,26110,중구,b175902d3cb99348a4864f63588f9c77,부평깡통시장,475edf63a6ea27f303541252ce0272c3,엘모멘토/송도,26,부산광역시,26140,서구,숙박,숙박,호텔,48
202504,26,부산광역시,26110,중구,b175902d3cb99348a4864f63588f9c77,부평깡통시장,9a48cf28d24a8978118c3d29ff29ac42,합천국밥집,26,부산광역시,26290,남구,음식,음식,한식,49
202504,26,부산광역시,26110,중구,b175902d3cb99348a4864f63588f9c77,부평깡통시장,bd31c55b878ebaec79def68ff2e259b9,해운대블루라인파크/미포정거장,26,부산광역시,26350,해운대구,관광지,기타관광,기타관광,50
202504,26,부산광역시,26110,중구,b4c94d6af3a4e36f6458d4ae7a1dbae1,용두산공원,d6dc86e69c840d73ff5067a11c789691,자갈치시장,26,부산광역시,26110,중구,관광지,쇼핑,시장,1
202504,26,부산광역시,26110,중구,b4c94d6af3a4e36f6458d4ae7a1dbae1,용두산공원,b9dab70a4eac8268531bbd26c0ac30aa,감천문화마을,26,부산광역시,26380,사하구,관광지,기타관광,기타관광,2
202504,26,부산광역시,26110,중구,b4c94d6af3a4e36f6458d4ae7a1dbae1,용두산공원,f4b4f749a6cdfd734d4512c18b227d6a,태종대,26,부산광역시,26200,영도구,관광지,역사관광,역사유적지,3
202504,26,부산광역시,26110,중구,b4c94d6af3a4e36f6458d4ae7a1dbae1,용두산공원,ccf40214e7861046a572df429ee6e389,국제시장,26,부산광역시,26110,중구,관광지,쇼핑,시장,4
202504,26,부산광역시,26110,중구,b4c94d6af3a4e36f6458d4ae7a1dbae1,용두산공원,23322e28bac2158412abd7bb0c7c4229,부산항국제여객터미널,26,부산광역시,26170,동구,관광지,기타관광,교통시설,5
202504,26,부산광역시,26110,중구,b4c94d6af3a4e36f6458d4ae7a1dbae1,용두산공원,ca6e8851e611e1b92c5448d82208acdb,송도해상케이블카,26,부산광역시,26140,서구,관광지,기타관광,기타관광,6
202504,26,부산광역시,26110,중구,b4c94d6af3a4e36f6458d4ae7a1dbae1,용두산공원,62b671a97c4e4c6209423dbf3bfa49a8,동백섬,26,부산광역시,26350,해운대구,관광지,자연관광,자연경관(하천/해양),7
202504,26,부산광역시,26110,중구,b4c94d6af3a4e36f6458d4ae7a1dbae1,용두산공원,99d6a11a2a10ff161b6b6f0e8166a2c9,UN기념공원,26,부산광역시,26290,남구,관광지,문화관광,도시공원,8
202504,26,부산광역시,26110,중구,b4c94d6af3a4e36f6458d4ae7a1dbae1,용두산공원,b175902d3cb99348a4864f63588f9c77,부평깡통시장,26,부산광역시,26110,중구,관광지,쇼핑,시장,9
202504,26,부산광역시,26110,중구,b4c94d6af3a4e36f6458d4ae7a1dbae1,용두산공원,093231be3cdaa9651091482fbeb0c973,오륙도스카이워크,26,부산광역시,26290,남구,관광지,문화관광,랜드마크관광,10
202504,26,부산광역시,26110,중구,b4c94d6af3a4e36f6458d4ae7a1dbae1,용두산공원,46760a68bdafbf8cc4606a4193450653,암남공원,26,부산광역시,26140,서구,관광지,문화관광,도시공원,11
202504,26,부산광역시,26110,중구,b4c94d6af3a4e36f6458d4ae7a1dbae1,용두산공원,549bc4c4eb4664151739287503544839,흰여울문화마을,26,부산광역시,26200,영도구,관광지,기타관광,기타관광,12
202504,26,부산광역시,26110,중구,b4c94d6af3a4e36f6458d4ae7a1dbae1,용두산공원,571b63825febd011a74418322cbce104,신동아시장,26,부산광역시,26110,중구,관광지,쇼핑,시장,13
202504,26,부산광역시,26110,중구,b4c94d6af3a4e36f6458d4ae7a1dbae1,용두산공원,3ccdedc105056f0261338e6232081fd5,부산민주공원,26,부산광역시,26110,중구,관광지,문화관광,도시공원,14
202504,26,부산광역시,26110,중구,b4c94d6af3a4e36f6458d4ae7a1dbae1,용두산공원,306aa6ec801963504a07ea324acad2fd,크라운하버호텔/부산,26,부산광역시,26110,중구,숙박,숙박,호텔,15
202504,26,부산광역시,26110,중구,b4c94d6af3a4e36f6458d4ae7a1dbae1,용두산공원,1679f650632fabeb83369e50d05ad66d,라마다앙코르부산역호텔,26,부산광역시,26170,동구,숙박,숙박,호텔,16
202504,26,부산광역시,26110,중구,b4c94d6af3a4e36f6458d4ae7a1dbae1,용두산공원,553a1099bf1a5568f3e6153e44dbd6c7,김해국제공항,26,부산광역시,26440,강서구,관광지,기타관광,교통시설,17
202504,26,부산광역시,26110,중구,b4c94d6af3a4e36f6458d4ae7a1dbae1,용두산공원,b2cd6fdc324c7e59e23f4249c1077c9d,태종대전망대,26,부산광역시,26200,영도구,관광지,문화관광,랜드마크관광,18
202504,26,부산광역시,26110,중구,b4c94d6af3a4e36f6458d4ae7a1dbae1,용두산공원,aff2687e656b219f70bc853db57b6519,호텔포레프리미어/남포점,26,부산광역시,26110,중구,숙박,숙박,호텔,19
202504,26,부산광역시,26110,중구,b4c94d6af3a4e36f6458d4ae7a1dbae1,용두산공원,4f0130868fe171b5c2bf66d416a06ce2,범어사,26,부산광역시,26410,금정구,관광지,역사관광,종교성지,20
202504,26,부산광역시,26110,중구,b4c94d6af3a4e36f6458d4ae7a1dbae1,용두산공원,3c084e342c5c7955c27bd07463731102,국립해양박물관,26,부산광역시,26200,영도구,관광지,문화관광,전시시설,21
202504,26,부산광역시,26110,중구,b4c94d6af3a4e36f6458d4ae7a1dbae1,용두산공원,b0dc9b48f470474d23e9dd8bd3cceec4,외식1번가/해운대점,26,부산광역시,26350,해운대구,음식,음식,한식,22
202504,26,부산광역시,26110,중구,b4c94d6af3a4e36f6458d4ae7a1dbae1,용두산공원,e9052bcdd5b517edd8f72ec045deb1a4,롯데호텔/부산점,26,부산광역시,26230,부산진구,숙박,숙박,호텔,23
202504,26,부산광역시,26110,중구,b4c94d6af3a4e36f6458d4ae7a1dbae1,용두산공원,efa969abed9618809f442fb2ddd2cf04,해운대블루라인파크/청사포정거장,26,부산광역시,26350,해운대구,관광지,기타관광,기타관광,24
202504,26,부산광역시,26110,중구,b4c94d6af3a4e36f6458d4ae7a1dbae1,용두산공원,09485ccc9e6891848afe25485d9a1f94,이재모피자/본점,26,부산광역시,26110,중구,음식,음식,간이음식,25
202504,26,부산광역시,26110,중구,b4c94d6af3a4e36f6458d4ae7a1dbae1,용두산공원,07182fed8051679dcbbed8367ad48e41,부산관광호텔,26,부산광역시,26110,중구,숙박,숙박,호텔,26
202504,26,부산광역시,26110,중구,b4c94d6af3a4e36f6458d4ae7a1dbae1,용두산공원,5450fecdab3e998eb0d930d9f329f627,송도용궁구름다리,26,부산광역시,26140,서구,관광지,기타관광,기타관광,27
202504,26,부산광역시,26110,중구,b4c94d6af3a4e36f6458d4ae7a1dbae1,용두산공원,9e01cec6d4a48020740cfa07244e650d,부산항국제여객터미널크루즈부두,26,부산광역시,26170,동구,관광지,자연관광,자연경관(하천/해양),28
202504,26,부산광역시,26110,중구,b4c94d6af3a4e36f6458d4ae7a1dbae1,용두산공원,06c197749a806eaab43f198edb70ec66,백세촌24시순대돼지국밥,26,부산광역시,26200,영도구,음식,음식,한식,29
202504,26,부산광역시,26110,중구,b4c94d6af3a4e36f6458d4ae7a1dbae1,용두산공원,18f4ac344eec8718342b73f4f5294aef,롯데리아/부산비프광장점,26,부산광역시,26110,중구,음식,음식,간이음식,30
202504,26,부산광역시,26110,중구,b4c94d6af3a4e36f6458d4ae7a1dbae1,용두산공원,bd31c55b878ebaec79def68ff2e259b9,해운대블루라인파크/미포정거장,26,부산광역시,26350,해운대구,관광지,기타관광,기타관광,31
202504,26,부산광역시,26110,중구,b4c94d6af3a4e36f6458d4ae7a1dbae1,용두산공원,400bca2a8a0178adf57514de6b680907,오륙도해맞이공원,26,부산광역시,26290,남구,관광지,문화관광,도시공원,32
202504,26,부산광역시,26110,중구,b4c94d6af3a4e36f6458d4ae7a1dbae1,용두산공원,d68c2c6af7cf6cb1092154f35a52c1c7,해동용궁사,26,부산광역시,26710,기장군,관광지,역사관광,종교성지,33
202504,26,부산광역시,26110,중구,b4c94d6af3a4e36f6458d4ae7a1dbae1,용두산공원,8d9967059a6a10be7bbcb1d539f36264,BIFF광장,26,부산광역시,26110,중구,관광지,문화관광,테마공원,34
202504,26,부산광역시,26110,중구,b4c94d6af3a4e36f6458d4ae7a1dbae1,용두산공원,0cf270e513d37eca4fe4a012d2f867d7,남항시장,26,부산광역시,26200,영도구,관광지,쇼핑,시장,35
202504,26,부산광역시,26110,중구,b4c94d6af3a4e36f6458d4ae7a1dbae1,용두산공원,eaa81702d59cd45f8d10062010b96f21,코모도호텔/부산,26,부산광역시,26110,중구,숙박,숙박,호텔,36
202504,26,부산광역시,26110,중구,b4c94d6af3a4e36f6458d4ae7a1dbae1,용두산공원,a6f59d6d7c74f2bb3e87874cc2673652,호텔아델라,26,부산광역시,26200,영도구,숙박,숙박,호텔,37
202504,26,부산광역시,26110,중구,b4c94d6af3a4e36f6458d4ae7a1dbae1,용두산공원,9de1e2fc3e57049c23e25bc2b16eece2,그랩디오션/송도,26,부산광역시,26140,서구,숙박,숙박,호텔,38
202504,26,부산광역시,26110,중구,b4c94d6af3a4e36f6458d4ae7a1dbae1,용두산공원,001cec4081ffee43114a207089f6aad2,올집아카이브4H,26,부산광역시,26230,부산진구,숙박,숙박,기타숙박,39
202504,26,부산광역시,26110,중구,b4c94d6af3a4e36f6458d4ae7a1dbae1,용두산공원,e6a11fd0044b4036908a3b9988cb43a0,도모헌,26,부산광역시,26500,수영구,관광지,문화관광,기타문화관광지,40
202504,26,부산광역시,26110,중구,b4c94d6af3a4e36f6458d4ae7a1dbae1,용두산공원,fb6de241017b7768a36877669ebb1b15,노떼라미아호텔,26,부산광역시,26170,동구,숙박,숙박,호텔,41
202504,26,부산광역시,26110,중구,b4c94d6af3a4e36f6458d4ae7a1dbae1,용두산공원,3a22edadd15d8b598eedda1f18e52af2,지앤비호텔,26,부산광역시,26110,중구,숙박,숙박,호텔,42
202504,26,부산광역시,26110,중구,b4c94d6af3a4e36f6458d4ae7a1dbae1,용두산공원,19fe260d90ee95be2d568421ff413e5a,스타벅스/부산거제DT점,26,부산광역시,26470,연제구,음식,음식,카페/찻집,43
202504,26,부산광역시,26110,중구,b4c94d6af3a4e36f6458d4ae7a1dbae1,용두산공원,75a554bcdf26793006b0fed813b963dc,섬진강재첩국,26,부산광역시,26710,기장군,음식,음식,한식,44
202504,26,부산광역시,26110,중구,b4c94d6af3a4e36f6458d4ae7a1dbae1,용두산공원,0149693bcbc2f7969b93d4908da6d438,부산에뜬고등어/해운대점,26,부산광역시,26350,해운대구,음식,음식,한식,45
202504,26,부산광역시,26110,중구,b4c94d6af3a4e36f6458d4ae7a1dbae1,용두산공원,4f8c6518acd1e6ff053e589e0ac90fa7,송도해수욕장,26,부산광역시,26140,서구,관광지,자연관광,자연경관(하천/해양),46
202504,26,부산광역시,26110,중구,b4c94d6af3a4e36f6458d4ae7a1dbae1,용두산공원,bf44234f9b63729e0fe62962a5188523,송정해수욕장,26,부산광역시,26350,해운대구,관광지,자연관광,자연경관(하천/해양),47
202504,26,부산광역시,26110,중구,b4c94d6af3a4e36f6458d4ae7a1dbae1,용두산공원,758c635777e440e9da1793c5b9cc4533,오륙도,26,부산광역시,26290,남구,관광지,자연관광,자연경관(하천/해양),48
202504,26,부산광역시,26110,중구,b4c94d6af3a4e36f6458d4ae7a1dbae1,용두산공원,c63b5b337225ae746ba52eb7f398aac1,광안리해수욕장,26,부산광역시,26500,수영구,관광지,자연관광,자연경관(하천/해양),49
202504,26,부산광역시,26110,중구,b4c94d6af3a4e36f6458d4ae7a1dbae1,용두산공원,b915db33cec714c9edd0d3d0055fbdec,스탠포드호텔/부산,26,부산광역시,26110,중구,숙박,숙박,호텔,50
202504,26,부산광역시,26110,중구,d6dc86e69c840d73ff5067a11c789691,자갈치시장,f4b4f749a6cdfd734d4512c18b227d6a,태종대,26,부산광역시,26200,영도구,관광지,역사관광,역사유적지,1
202504,26,부산광역시,26110,중구,d6dc86e69c840d73ff5067a11c789691,자갈치시장,ccf40214e7861046a572df429ee6e389,국제시장,26,부산광역시,26110,중구,관광지,쇼핑,시장,2
202504,26,부산광역시,26110,중구,d6dc86e69c840d73ff5067a11c789691,자갈치시장,b9dab70a4eac8268531bbd26c0ac30aa,감천문화마을,26,부산광역시,26380,사하구,관광지,기타관광,기타관광,3
202504,26,부산광역시,26110,중구,d6dc86e69c840d73ff5067a11c789691,자갈치시장,d68c2c6af7cf6cb1092154f35a52c1c7,해동용궁사,26,부산광역시,26710,기장군,관광지,역사관광,종교성지,4
202504,26,부산광역시,26110,중구,d6dc86e69c840d73ff5067a11c789691,자갈치시장,ca6e8851e611e1b92c5448d82208acdb,송도해상케이블카,26,부산광역시,26140,서구,관광지,기타관광,기타관광,5
202504,26,부산광역시,26110,중구,d6dc86e69c840d73ff5067a11c789691,자갈치시장,88222e7e5f8172698373086e65c1fad1,해운대해수욕장,26,부산광역시,26350,해운대구,관광지,자연관광,자연경관(하천/해양),6
202504,26,부산광역시,26110,중구,d6dc86e69c840d73ff5067a11c789691,자갈치시장,b4c94d6af3a4e36f6458d4ae7a1dbae1,용두산공원,26,부산광역시,26110,중구,관광지,문화관광,도시공원,7
202504,26,부산광역시,26110,중구,d6dc86e69c840d73ff5067a11c789691,자갈치시장,4f8c6518acd1e6ff053e589e0ac90fa7,송도해수욕장,26,부산광역시,26140,서구,관광지,자연관광,자연경관(하천/해양),8
202504,26,부산광역시,26110,중구,d6dc86e69c840d73ff5067a11c789691,자갈치시장,549bc4c4eb4664151739287503544839,흰여울문화마을,26,부산광역시,26200,영도구,관광지,기타관광,기타관광,9
202504,26,부산광역시,26110,중구,d6dc86e69c840d73ff5067a11c789691,자갈치시장,093231be3cdaa9651091482fbeb0c973,오륙도스카이워크,26,부산광역시,26290,남구,관광지,문화관광,랜드마크관광,10
202504,26,부산광역시,26110,중구,d6dc86e69c840d73ff5067a11c789691,자갈치시장,c63b5b337225ae746ba52eb7f398aac1,광안리해수욕장,26,부산광역시,26500,수영구,관광지,자연관광,자연경관(하천/해양),11
202504,26,부산광역시,26110,중구,d6dc86e69c840d73ff5067a11c789691,자갈치시장,b175902d3cb99348a4864f63588f9c77,부평깡통시장,26,부산광역시,26110,중구,관광지,쇼핑,시장,12
202504,26,부산광역시,26110,중구,d6dc86e69c840d73ff5067a11c789691,자갈치시장,3c084e342c5c7955c27bd07463731102,국립해양박물관,26,부산광역시,26200,영도구,관광지,문화관광,전시시설,13
202504,26,부산광역시,26110,중구,d6dc86e69c840d73ff5067a11c789691,자갈치시장,b2cd6fdc324c7e59e23f4249c1077c9d,태종대전망대,26,부산광역시,26200,영도구,관광지,문화관광,랜드마크관광,14
202504,26,부산광역시,26110,중구,d6dc86e69c840d73ff5067a11c789691,자갈치시장,bd31c55b878ebaec79def68ff2e259b9,해운대블루라인파크/미포정거장,26,부산광역시,26350,해운대구,관광지,기타관광,기타관광,15
202504,26,부산광역시,26110,중구,d6dc86e69c840d73ff5067a11c789691,자갈치시장,62b671a97c4e4c6209423dbf3bfa49a8,동백섬,26,부산광역시,26350,해운대구,관광지,자연관광,자연경관(하천/해양),16
202504,26,부산광역시,26110,중구,d6dc86e69c840d73ff5067a11c789691,자갈치시장,99d6a11a2a10ff161b6b6f0e8166a2c9,UN기념공원,26,부산광역시,26290,남구,관광지,문화관광,도시공원,17
202504,26,부산광역시,26110,중구,d6dc86e69c840d73ff5067a11c789691,자갈치시장,23322e28bac2158412abd7bb0c7c4229,부산항국제여객터미널,26,부산광역시,26170,동구,관광지,기타관광,교통시설,18
202504,26,부산광역시,26110,중구,d6dc86e69c840d73ff5067a11c789691,자갈치시장,bb09a61999b4ec002d39ece84b80d93f,해운대블루라인파크/송정정거장,26,부산광역시,26350,해운대구,관광지,기타관광,기타관광,19
202504,26,부산광역시,26110,중구,d6dc86e69c840d73ff5067a11c789691,자갈치시장,80b68dec7a324fdf7d4bc5a5ef023994,다대포해수욕장,26,부산광역시,26380,사하구,관광지,자연관광,자연경관(하천/해양),20
202504,26,부산광역시,26110,중구,d6dc86e69c840d73ff5067a11c789691,자갈치시장,09485ccc9e6891848afe25485d9a1f94,이재모피자/본점,26,부산광역시,26110,중구,음식,음식,간이음식,21
202504,26,부산광역시,26110,중구,d6dc86e69c840d73ff5067a11c789691,자갈치시장,029b9cadaeeb00ed9934ecd1db7bf8a8,신라스테이/해운대,26,부산광역시,26350,해운대구,숙박,숙박,호텔,22
202504,26,부산광역시,26110,중구,d6dc86e69c840d73ff5067a11c789691,자갈치시장,69707e2a65d17c7f4099124af0637b69,롯데백화점/광복점,26,부산광역시,26110,중구,관광지,쇼핑,백화점,23
202504,26,부산광역시,26110,중구,d6dc86e69c840d73ff5067a11c789691,자갈치시장,b5e051186a4f9b28ba4803d094b0a8dc,송도스카이워크,26,부산광역시,26140,서구,관광지,기타관광,기타관광,24
202504,26,부산광역시,26110,중구,d6dc86e69c840d73ff5067a11c789691,자갈치시장,5450fecdab3e998eb0d930d9f329f627,송도용궁구름다리,26,부산광역시,26140,서구,관광지,기타관광,기타관광,25
202504,26,부산광역시,26110,중구,d6dc86e69c840d73ff5067a11c789691,자갈치시장,46760a68bdafbf8cc4606a4193450653,암남공원,26,부산광역시,26140,서구,관광지,문화관광,도시공원,26
202504,26,부산광역시,26110,중구,d6dc86e69c840d73ff5067a11c789691,자갈치시장,2b4c34c2be8d8855ef58504465e865f1,청사포방파제,26,부산광역시,26350,해운대구,관광지,자연관광,자연경관(하천/해양),27
202504,26,부산광역시,26110,중구,d6dc86e69c840d73ff5067a11c789691,자갈치시장,b20daf5ea158bceb323c3ecc97bba500,합천일류돼지국밥/본점,26,부산광역시,26530,사상구,음식,음식,한식,28
202504,26,부산광역시,26110,중구,d6dc86e69c840d73ff5067a11c789691,자갈치시장,5273477032d69237c2967e5372966eec,라발스호텔,26,부산광역시,26200,영도구,숙박,숙박,호텔,29
202504,26,부산광역시,26110,중구,d6dc86e69c840d73ff5067a11c789691,자갈치시장,176a128dcb3cc49d43f4a00fdf1ecfe5,목장원,26,부산광역시,26200,영도구,음식,음식,한식,30
202504,26,부산광역시,26110,중구,d6dc86e69c840d73ff5067a11c789691,자갈치시장,a64e90a54e37f5cfe8a1bd7e891f2b38,감천문화마을안내센터,26,부산광역시,26380,사하구,관광지,기타관광,기타관광,31
202504,26,부산광역시,26110,중구,d6dc86e69c840d73ff5067a11c789691,자갈치시장,29624bc1067b1dba5c1cebc26216d8ec,아스티호텔/부산,26,부산광역시,26170,동구,숙박,숙박,호텔,32
202504,26,부산광역시,26110,중구,d6dc86e69c840d73ff5067a11c789691,자갈치시장,7ba33a7e7c4f4ea7fa80ea287e1d43c6,웨스틴조선호텔/부산,26,부산광역시,26350,해운대구,숙박,숙박,호텔,33
202504,26,부산광역시,26110,중구,d6dc86e69c840d73ff5067a11c789691,자갈치시장,cce362636f9ad55316f0d56a41172164,풍원장미역국정찬/마린시티점,26,부산광역시,26350,해운대구,음식,음식,한식,34
202504,26,부산광역시,26110,중구,d6dc86e69c840d73ff5067a11c789691,자갈치시장,3ccdedc105056f0261338e6232081fd5,부산민주공원,26,부산광역시,26110,중구,관광지,문화관광,도시공원,35
202504,26,부산광역시,26110,중구,d6dc86e69c840d73ff5067a11c789691,자갈치시장,306aa6ec801963504a07ea324acad2fd,크라운하버호텔/부산,26,부산광역시,26110,중구,숙박,숙박,호텔,36
202504,26,부산광역시,26110,중구,d6dc86e69c840d73ff5067a11c789691,자갈치시장,c5ea77dae9a3ceec63b57fdf88b63ad2,파크하얏트부산호텔,26,부산광역시,26350,해운대구,숙박,숙박,호텔,37
202504,26,부산광역시,26110,중구,d6dc86e69c840d73ff5067a11c789691,자갈치시장,43ecef0b090dcd569d3b928fc13a1c2b,브라운도트호텔/수영점,26,부산광역시,26500,수영구,숙박,숙박,호텔,38
202504,26,부산광역시,26110,중구,d6dc86e69c840d73ff5067a11c789691,자갈치시장,f946d1e83449744292a01e89299cd859,아바니센트럴호텔/부산,26,부산광역시,26290,남구,숙박,숙박,호텔,39
202504,26,부산광역시,26110,중구,d6dc86e69c840d73ff5067a11c789691,자갈치시장,248cf4a62ec199e2bdd3209a097af725,팔레드시즈,26,부산광역시,26350,해운대구,숙박,숙박,콘도미니엄,40
202504,26,부산광역시,26110,중구,d6dc86e69c840d73ff5067a11c789691,자갈치시장,0d0dfeb1f31f70baa6c494a8a57fa91f,노스하버호텔,26,부산광역시,26200,영도구,숙박,숙박,호텔,41
202504,26,부산광역시,26110,중구,d6dc86e69c840d73ff5067a11c789691,자갈치시장,0e9a5683b8705ddd9b9c679044eff0af,롯데호텔L7/해운대,26,부산광역시,26350,해운대구,숙박,숙박,호텔,42
202504,26,부산광역시,26110,중구,d6dc86e69c840d73ff5067a11c789691,자갈치시장,e9052bcdd5b517edd8f72ec045deb1a4,롯데호텔/부산점,26,부산광역시,26230,부산진구,숙박,숙박,호텔,43
202504,26,부산광역시,26110,중구,d6dc86e69c840d73ff5067a11c789691,자갈치시장,ef99973d7ad5bfa438b1f8df442533e1,해운대달맞이길,26,부산광역시,26350,해운대구,관광지,기타관광,데이트코스,44
202504,26,부산광역시,26110,중구,d6dc86e69c840d73ff5067a11c789691,자갈치시장,571b63825febd011a74418322cbce104,신동아시장,26,부산광역시,26110,중구,관광지,쇼핑,시장,45
202504,26,부산광역시,26110,중구,d6dc86e69c840d73ff5067a11c789691,자갈치시장,758c635777e440e9da1793c5b9cc4533,오륙도,26,부산광역시,26290,남구,관광지,자연관광,자연경관(하천/해양),46
202504,26,부산광역시,26110,중구,d6dc86e69c840d73ff5067a11c789691,자갈치시장,a6f59d6d7c74f2bb3e87874cc2673652,호텔아델라,26,부산광역시,26200,영도구,숙박,숙박,호텔,47
202504,26,부산광역시,26110,중구,d6dc86e69c840d73ff5067a11c789691,자갈치시장,e2ea408c982553a917e1d578f7980b7b,신발원,26,부산광역시,26170,동구,음식,음식,외국식,48
202504,26,부산광역시,26110,중구,d6dc86e69c840d73ff5067a11c789691,자갈치시장,9e01cec6d4a48020740cfa07244e650d,부산항국제여객터미널크루즈부두,26,부산광역시,26170,동구,관광지,자연관광,자연경관(하천/해양),49
202504,26,부산광역시,26110,중구,d6dc86e69c840d73ff5067a11c789691,자갈치시장,1891d6f87944f179de9c584068b52e20,대저생태공원,26,부산광역시,26440,강서구,관광지,문화관광,도시공원,50
202504,26,부산광역시,26140,서구,48435adb870f4e65202aaa38a3c31b37,구덕문화공원,d4b9846fb78db618c44331e112c9464a,좋은날오리사랑,26,부산광역시,26140,서구,음식,음식,전문음식,1
202504,26,부산광역시,26140,서구,48435adb870f4e65202aaa38a3c31b37,구덕문화공원,537e6941e6a700e328b70f1975345e6a,맥도날드/부산영도DT점,26,부산광역시,26200,영도구,음식,음식,간이음식,2
202504,26,부산광역시,26140,서구,98b4297e4a7d6f68ba52a9be592967a4,내원정사,69707e2a65d17c7f4099124af0637b69,롯데백화점/광복점,26,부산광역시,26110,중구,관광지,쇼핑,백화점,1
202504,26,부산광역시,26140,서구,98b4297e4a7d6f68ba52a9be592967a4,내원정사,d6dc86e69c840d73ff5067a11c789691,자갈치시장,26,부산광역시,26110,중구,관광지,쇼핑,시장,2
202504,26,부산광역시,26140,서구,98b4297e4a7d6f68ba52a9be592967a4,내원정사,dfffe7bbacf16b9145d731e96844bc0c,뉴코아아울렛/괴정점,26,부산광역시,26380,사하구,관광지,쇼핑,대형마트,3
202504,26,부산광역시,26140,서구,98b4297e4a7d6f68ba52a9be592967a4,내원정사,4a86c619b46e66efe9ac02b85090ecac,신세계백화점/센텀시티점,26,부산광역시,26350,해운대구,관광지,쇼핑,백화점,4
202504,26,부산광역시,26140,서구,98b4297e4a7d6f68ba52a9be592967a4,내원정사,bc4bc597cd0db6d2f1edf525a0bea607,해주냉면,26,부산광역시,26380,사하구,음식,음식,한식,5
202504,26,부산광역시,26140,서구,98b4297e4a7d6f68ba52a9be592967a4,내원정사,b588ccafa7c78d2e2a98c19834de0008,카페시온,26,부산광역시,26380,사하구,음식,음식,카페/찻집,6
202504,26,부산광역시,26140,서구,98b4297e4a7d6f68ba52a9be592967a4,내원정사,8877984a63c9640ad6a4dec3ef934719,롯데백화점/부산본점,26,부산광역시,26230,부산진구,관광지,쇼핑,백화점,7
202504,26,부산광역시,26140,서구,98b4297e4a7d6f68ba52a9be592967a4,내원정사,1c71c92b724fd0a3032d8de55aa5b78c,빅토리아베이커리가든,26,부산광역시,26140,서구,음식,음식,간이음식,8
202504,26,부산광역시,26140,서구,98b4297e4a7d6f68ba52a9be592967a4,내원정사,a86a3b3a0b591698fe8f657b47977f55,무진장횟집,26,부산광역시,26710,기장군,음식,음식,전문음식,9
202504,26,부산광역시,26140,서구,98b4297e4a7d6f68ba52a9be592967a4,내원정사,7305176e0206f8119edac195a765de10,중앙모밀,26,부산광역시,26110,중구,음식,음식,한식,10
202504,26,부산광역시,26140,서구,98b4297e4a7d6f68ba52a9be592967a4,내원정사,5fa65515547f3b5f37074739e2c78342,해광사,26,부산광역시,26710,기장군,관광지,역사관광,종교성지,11
202504,26,부산광역시,26140,서구,98b4297e4a7d6f68ba52a9be592967a4,내원정사,3ccdedc105056f0261338e6232081fd5,부산민주공원,26,부산광역시,26110,중구,관광지,문화관광,도시공원,12
202504,26,부산광역시,26140,서구,98b4297e4a7d6f68ba52a9be592967a4,내원정사,7d2ce1d4321e7108e180610bd9a96dc3,호포갈비/문현점,26,부산광역시,26290,남구,음식,음식,한식,13
202504,26,부산광역시,26140,서구,98b4297e4a7d6f68ba52a9be592967a4,내원정사,32822db215ca0ca447c8fe31311e68b7,동명불원,26,부산광역시,26290,남구,관광지,역사관광,종교성지,14
202504,26,부산광역시,26140,서구,98b4297e4a7d6f68ba52a9be592967a4,내원정사,52d97f18d108708481e07f7d563f144a,부산시민공원,26,부산광역시,26230,부산진구,관광지,문화관광,도시공원,15
202504,26,부산광역시,26140,서구,98b4297e4a7d6f68ba52a9be592967a4,내원정사,cffe8f708cee53626615f03b9482dc52,통큰한우,26,부산광역시,26290,남구,음식,음식,한식,16
202504,26,부산광역시,26140,서구,98b4297e4a7d6f68ba52a9be592967a4,내원정사,33d302d57cec6f5a85917dec958d1a01,스타벅스/명지강변DT점,26,부산광역시,26440,강서구,음식,음식,카페/찻집,17
202504,26,부산광역시,26140,서구,98b4297e4a7d6f68ba52a9be592967a4,내원정사,cb829b2e9e136214952a14a16fbf3848,해담,26,부산광역시,26710,기장군,음식,음식,전문음식,18
202504,26,부산광역시,26140,서구,98b4297e4a7d6f68ba52a9be592967a4,내원정사,f28df85ee035b64d4e09b01dc03d0c5b,가덕도대항인공동굴,26,부산광역시,26440,강서구,관광지,자연관광,자연생태,19
202504,26,부산광역시,26140,서구,98b4297e4a7d6f68ba52a9be592967a4,내원정사,9cfd612270860abea75ec5d11b67df03,다인,26,부산광역시,26410,금정구,음식,음식,한식,20
202504,26,부산광역시,26140,서구,98b4297e4a7d6f68ba52a9be592967a4,내원정사,40b9a2723e1d6c30c85bb532b0faa97f,백련사,26,부산광역시,26290,남구,관광지,역사관광,종교성지,21
202504,26,부산광역시,26140,서구,98b4297e4a7d6f68ba52a9be592967a4,내원정사,25c4d7db105e6ced4a0f34aabe088731,강서체육공원,26,부산광역시,26440,강서구,관광지,문화관광,도시공원,22
202504,26,부산광역시,26140,서구,98b4297e4a7d6f68ba52a9be592967a4,내원정사,c397c50e6c44d699989272319d5a1c3b,선암사,26,부산광역시,26230,부산진구,관광지,역사관광,종교성지,23
202504,26,부산광역시,26140,서구,98b4297e4a7d6f68ba52a9be592967a4,내원정사,e370d874b57ce7aa5f94643d24c64787,투썸플레이스/부산명지옛터공원점,26,부산광역시,26440,강서구,음식,음식,카페/찻집,24
202504,26,부산광역시,26140,서구,98b4297e4a7d6f68ba52a9be592967a4,내원정사,ea7e95378ed2397d322178e2e6d431d5,정짓간돼지국밥/신평점,26,부산광역시,26380,사하구,음식,음식,한식,25
202504,26,부산광역시,26140,서구,98b4297e4a7d6f68ba52a9be592967a4,내원정사,413d34557c6ed56426edadeb98e6370d,북항마리나클럽하우스,26,부산광역시,26110,중구,관광지,문화관광,기타문화관광지,26
202504,26,부산광역시,26140,서구,98b4297e4a7d6f68ba52a9be592967a4,내원정사,e5cd34292638f69b22a96d131ae42717,구덕령쉼터,26,부산광역시,26140,서구,음식,음식,한식,27
202504,26,부산광역시,26140,서구,98b4297e4a7d6f68ba52a9be592967a4,내원정사,8c1c1bfc8a2750310c5d1d0695ef74eb,피아크카페앤베이커리,26,부산광역시,26200,영도구,음식,음식,카페/찻집,28
202504,26,부산광역시,26140,서구,98b4297e4a7d6f68ba52a9be592967a4,내원정사,f6edce2b2c6eb4e26b2ff6310146736d,아미산전망대,26,부산광역시,26380,사하구,관광지,문화관광,랜드마크관광,29
202504,26,부산광역시,26140,서구,98b4297e4a7d6f68ba52a9be592967a4,내원정사,4f0130868fe171b5c2bf66d416a06ce2,범어사,26,부산광역시,26410,금정구,관광지,역사관광,종교성지,30
202504,26,부산광역시,26140,서구,98b4297e4a7d6f68ba52a9be592967a4,내원정사,5d1fa0e65d61918f920209f5584ec212,최민식갤러리,26,부산광역시,26140,서구,관광지,문화관광,전시시설,31
202504,26,부산광역시,26140,서구,98b4297e4a7d6f68ba52a9be592967a4,내원정사,5e064225c26a30a6fdac3af4bbee2ff3,스페이스이신,26,부산광역시,26410,금정구,관광지,문화관광,전시시설,32
202504,26,부산광역시,26140,서구,98b4297e4a7d6f68ba52a9be592967a4,내원정사,0aebba0fe653b48e74c2a753c297f8ca,노드피자,26,부산광역시,26140,서구,음식,음식,간이음식,33
202504,26,부산광역시,26140,서구,98b4297e4a7d6f68ba52a9be592967a4,내원정사,cfc2fff04e1cc1abd0cec9e4d1e97e7f,수능엄사,26,부산광역시,26440,강서구,관광지,역사관광,종교성지,34
202504,26,부산광역시,26140,서구,98b4297e4a7d6f68ba52a9be592967a4,내원정사,ab2e94ff2b8cf1599c0f785fd9a8388d,카페385,26,부산광역시,26200,영도구,음식,음식,카페/찻집,35
202504,26,부산광역시,26140,서구,af8dce2f5b4d17914885a47fbe51e444,누리바라기,9d9c3bf4b9865484ac804a1198f139e7,홍익돈까스/부산명지점,26,부산광역시,26440,강서구,음식,음식,전문음식,1
202504,26,부산광역시,26140,서구,af8dce2f5b4d17914885a47fbe51e444,누리바라기,6ab2202f4c97db2a3548a2bbc726e234,하늘전망대,26,부산광역시,26140,서구,관광지,문화관광,랜드마크관광,2
202504,26,부산광역시,26140,서구,af8dce2f5b4d17914885a47fbe51e444,누리바라기,5dfb3d7525c9967e4d666aae9dfe6cb9,코모도테이블,26,부산광역시,26260,동래구,음식,음식,카페/찻집,3
202504,26,부산광역시,26140,서구,af8dce2f5b4d17914885a47fbe51e444,누리바라기,ca6e8851e611e1b92c5448d82208acdb,송도해상케이블카,26,부산광역시,26140,서구,관광지,기타관광,기타관광,4
202504,26,부산광역시,26140,서구,5938262c1a40bb1e424180bc8a3d0d55,닥밭골벽화마을,3ccdedc105056f0261338e6232081fd5,부산민주공원,26,부산광역시,26110,중구,관광지,문화관광,도시공원,1
202504,26,부산광역시,26140,서구,5938262c1a40bb1e424180bc8a3d0d55,닥밭골벽화마을,d6dc86e69c840d73ff5067a11c789691,자갈치시장,26,부산광역시,26110,중구,관광지,쇼핑,시장,2
202504,26,부산광역시,26140,서구,5938262c1a40bb1e424180bc8a3d0d55,닥밭골벽화마을,400bca2a8a0178adf57514de6b680907,오륙도해맞이공원,26,부산광역시,26290,남구,관광지,문화관광,도시공원,3
202504,26,부산광역시,26140,서구,5938262c1a40bb1e424180bc8a3d0d55,닥밭골벽화마을,89c6c48d2629676d4620cca807c53ce8,차이나타운,26,부산광역시,26170,동구,관광지,문화관광,테마공원,4
202504,26,부산광역시,26140,서구,5938262c1a40bb1e424180bc8a3d0d55,닥밭골벽화마을,6bd4baec3a9c1c2b8eb1dbf6a2f574e9,청학배수지전망대,26,부산광역시,26200,영도구,관광지,문화관광,랜드마크관광,5
202504,26,부산광역시,26140,서구,5938262c1a40bb1e424180bc8a3d0d55,닥밭골벽화마을,8d9967059a6a10be7bbcb1d539f36264,BIFF광장,26,부산광역시,26110,중구,관광지,문화관광,테마공원,6
202504,26,부산광역시,26140,서구,5938262c1a40bb1e424180bc8a3d0d55,닥밭골벽화마을,f44a3ae7f3aab9af4d1edc0d1e41afa1,풍원장꼬막정찬/마린시티점,26,부산광역시,26350,해운대구,음식,음식,한식,7
202504,26,부산광역시,26140,서구,5938262c1a40bb1e424180bc8a3d0d55,닥밭골벽화마을,6acaf8733aab5a56c54dfb8a040c7a55,황령산벚꽃길,26,부산광역시,26470,연제구,관광지,기타관광,기타관광,8
202504,26,부산광역시,26140,서구,5938262c1a40bb1e424180bc8a3d0d55,닥밭골벽화마을,d51834ea51bc9e66e99db9df97a456c6,동삼해수천,26,부산광역시,26200,영도구,관광지,기타관광,기타관광,9
202504,26,부산광역시,26140,서구,5938262c1a40bb1e424180bc8a3d0d55,닥밭골벽화마을,ccf40214e7861046a572df429ee6e389,국제시장,26,부산광역시,26110,중구,관광지,쇼핑,시장,10
202504,26,부산광역시,26140,서구,5938262c1a40bb1e424180bc8a3d0d55,닥밭골벽화마을,1891d6f87944f179de9c584068b52e20,대저생태공원,26,부산광역시,26440,강서구,관광지,문화관광,도시공원,11
202504,26,부산광역시,26140,서구,5938262c1a40bb1e424180bc8a3d0d55,닥밭골벽화마을,3c084e342c5c7955c27bd07463731102,국립해양박물관,26,부산광역시,26200,영도구,관광지,문화관광,전시시설,12
202504,26,부산광역시,26140,서구,5938262c1a40bb1e424180bc8a3d0d55,닥밭골벽화마을,7a862753a87bf1eefe533ad7aa54c591,태백관/[중식],26,부산광역시,26260,동래구,음식,음식,외국식,13
202504,26,부산광역시,26140,서구,5938262c1a40bb1e424180bc8a3d0d55,닥밭골벽화마을,4f8c6518acd1e6ff053e589e0ac90fa7,송도해수욕장,26,부산광역시,26140,서구,관광지,자연관광,자연경관(하천/해양),14
202504,26,부산광역시,26140,서구,5938262c1a40bb1e424180bc8a3d0d55,닥밭골벽화마을,b9dab70a4eac8268531bbd26c0ac30aa,감천문화마을,26,부산광역시,26380,사하구,관광지,기타관광,기타관광,15
202504,26,부산광역시,26140,서구,5938262c1a40bb1e424180bc8a3d0d55,닥밭골벽화마을,072c09c6f199ff3d1bdae57c1c64e1b8,진우린해장,26,부산광역시,26350,해운대구,음식,음식,한식,16
202504,26,부산광역시,26140,서구,5938262c1a40bb1e424180bc8a3d0d55,닥밭골벽화마을,5e3a095b55156dd339fc7f740a55193e,브라운도트호텔/기장일광점,26,부산광역시,26710,기장군,숙박,숙박,호텔,17
202504,26,부산광역시,26140,서구,5938262c1a40bb1e424180bc8a3d0d55,닥밭골벽화마을,d06bc96315176a4c3a56f02db292092c,부산교육역사관,26,부산광역시,26380,사하구,관광지,문화관광,전시시설,18
202504,26,부산광역시,26140,서구,5938262c1a40bb1e424180bc8a3d0d55,닥밭골벽화마을,cfe0563b1a857a9a768d94aef6df93a5,초량1941,26,부산광역시,26170,동구,음식,음식,카페/찻집,19
202504,26,부산광역시,26140,서구,5938262c1a40bb1e424180bc8a3d0d55,닥밭골벽화마을,8512ac5d22c0adfd1540c60ec753b64e,초량밀면,26,부산광역시,26170,동구,음식,음식,한식,20
202504,26,부산광역시,26140,서구,5938262c1a40bb1e424180bc8a3d0d55,닥밭골벽화마을,e21c4aff4a2907c16f11a25cabd144fa,청와정,26,부산광역시,26230,부산진구,음식,음식,한식,21
202504,26,부산광역시,26140,서구,5938262c1a40bb1e424180bc8a3d0d55,닥밭골벽화마을,643c4a8d5104dd950f2d8d8b2950628b,영도산더미불고기/본점,26,부산광역시,26200,영도구,음식,음식,한식,22
202504,26,부산광역시,26140,서구,5938262c1a40bb1e424180bc8a3d0d55,닥밭골벽화마을,758c635777e440e9da1793c5b9cc4533,오륙도,26,부산광역시,26290,남구,관광지,자연관광,자연경관(하천/해양),23
202504,26,부산광역시,26140,서구,5938262c1a40bb1e424180bc8a3d0d55,닥밭골벽화마을,a55bbaed2ddd5c23521e082e740baaf7,해물왕창칼국수,26,부산광역시,26530,사상구,음식,음식,한식,24
202504,26,부산광역시,26140,서구,5938262c1a40bb1e424180bc8a3d0d55,닥밭골벽화마을,294d0863e2f5c50ed5d32698d8c016d0,봉평막국수/동래점,26,부산광역시,26260,동래구,음식,음식,한식,25
202504,26,부산광역시,26140,서구,5938262c1a40bb1e424180bc8a3d0d55,닥밭골벽화마을,b5e051186a4f9b28ba4803d094b0a8dc,송도스카이워크,26,부산광역시,26140,서구,관광지,기타관광,기타관광,26
202504,26,부산광역시,26140,서구,5938262c1a40bb1e424180bc8a3d0d55,닥밭골벽화마을,2332ef15ef2c87a665fee44502f3e98b,스타벅스/부산교대역DT점,26,부산광역시,26470,연제구,음식,음식,카페/찻집,27
202504,26,부산광역시,26140,서구,5938262c1a40bb1e424180bc8a3d0d55,닥밭골벽화마을,f4b3859c8cee304899c722dd2c41b328,부전시장,26,부산광역시,26230,부산진구,관광지,쇼핑,시장,28
202504,26,부산광역시,26140,서구,5938262c1a40bb1e424180bc8a3d0d55,닥밭골벽화마을,3e290d2dd552328ced3cb0363e27b866,만호갈미샤브샤브,26,부산광역시,26440,강서구,음식,음식,전문음식,29
202504,26,부산광역시,26140,서구,5938262c1a40bb1e424180bc8a3d0d55,닥밭골벽화마을,02d749dc152d840eeea5dcd22c80cf22,청사포다릿돌전망대,26,부산광역시,26350,해운대구,관광지,문화관광,랜드마크관광,30
202504,26,부산광역시,26140,서구,5938262c1a40bb1e424180bc8a3d0d55,닥밭골벽화마을,f90bc793987b59375914cd13cc1c0ae6,화복반점/[중식],26,부산광역시,26200,영도구,음식,음식,외국식,31
202504,26,부산광역시,26140,서구,5938262c1a40bb1e424180bc8a3d0d55,닥밭골벽화마을,eaa81702d59cd45f8d10062010b96f21,코모도호텔/부산,26,부산광역시,26110,중구,숙박,숙박,호텔,32
202504,26,부산광역시,26140,서구,5938262c1a40bb1e424180bc8a3d0d55,닥밭골벽화마을,83d4fa120a88aa8b44b6a425b1aff22f,강서낙동강변30리벚꽃길,26,부산광역시,26440,강서구,관광지,기타관광,기타관광,33
202504,26,부산광역시,26140,서구,5938262c1a40bb1e424180bc8a3d0d55,닥밭골벽화마을,b66ad4f35b7ea96510db18e8ae2fdb71,서울깍두기,26,부산광역시,26110,중구,음식,음식,한식,34
202504,26,부산광역시,26140,서구,5938262c1a40bb1e424180bc8a3d0d55,닥밭골벽화마을,e684d25576d8ec8ecea561dc0ff7810a,미친막창/본점,26,부산광역시,26110,중구,음식,음식,전문음식,35
202504,26,부산광역시,26140,서구,5938262c1a40bb1e424180bc8a3d0d55,닥밭골벽화마을,8997134529c4d7a2dc68be421cddfa9f,동구문화플랫폼시민마당,26,부산광역시,26170,동구,관광지,문화관광,기타문화관광지,36
202504,26,부산광역시,26140,서구,5938262c1a40bb1e424180bc8a3d0d55,닥밭골벽화마을,328b86b0e7e8086d98ac85e65eca44de,얼크니손칼국수/기장점,26,부산광역시,26710,기장군,음식,음식,한식,37
202504,26,부산광역시,26140,서구,5938262c1a40bb1e424180bc8a3d0d55,닥밭골벽화마을,f4b4f749a6cdfd734d4512c18b227d6a,태종대,26,부산광역시,26200,영도구,관광지,역사관광,역사유적지,38
202504,26,부산광역시,26140,서구,5938262c1a40bb1e424180bc8a3d0d55,닥밭골벽화마을,4d9d0f5bf46d22596fad3430ade2f8c8,부산근현대역사관/별관,26,부산광역시,26110,중구,관광지,문화관광,전시시설,39
202504,26,부산광역시,26140,서구,5938262c1a40bb1e424180bc8a3d0d55,닥밭골벽화마을,a09d49c9a0e6a035b997e9b261a67c0b,카페음미,26,부산광역시,26140,서구,음식,음식,카페/찻집,40
202504,26,부산광역시,26140,서구,5938262c1a40bb1e424180bc8a3d0d55,닥밭골벽화마을,573cba5036e0956bfc622ba8ae87a5eb,비학산보리밥생칼국수,26,부산광역시,26350,해운대구,음식,음식,한식,41
202504,26,부산광역시,26140,서구,5938262c1a40bb1e424180bc8a3d0d55,닥밭골벽화마을,724746776b310e4c59e5e1a6650bed03,황령산전망대,26,부산광역시,26470,연제구,관광지,문화관광,랜드마크관광,42
202504,26,부산광역시,26140,서구,5938262c1a40bb1e424180bc8a3d0d55,닥밭골벽화마을,e1840a979315dc809efe6bf49041fbe8,국립일제강제동원역사관,26,부산광역시,26290,남구,관광지,문화관광,전시시설,43
202504,26,부산광역시,26140,서구,5938262c1a40bb1e424180bc8a3d0d55,닥밭골벽화마을,f445687dcd390e03159564b2eb73f218,이재모피자/부산역점,26,부산광역시,26170,동구,음식,음식,간이음식,44
202504,26,부산광역시,26140,서구,5938262c1a40bb1e424180bc8a3d0d55,닥밭골벽화마을,4f229aa6fe19f983f4cab15ad5cad290,에이치에비뉴/사상역점,26,부산광역시,26530,사상구,숙박,숙박,호텔,45
202504,26,부산광역시,26140,서구,5938262c1a40bb1e424180bc8a3d0d55,닥밭골벽화마을,f757bed263f144ab64677569f69e653e,영진돼지국밥,26,부산광역시,26440,강서구,음식,음식,한식,46
202504,26,부산광역시,26140,서구,5938262c1a40bb1e424180bc8a3d0d55,닥밭골벽화마을,8749e7ba3862ba5787c69cab20914018,우디브룩,26,부산광역시,26530,사상구,음식,음식,카페/찻집,47
202504,26,부산광역시,26140,서구,5938262c1a40bb1e424180bc8a3d0d55,닥밭골벽화마을,61ba6902c008cecff899a14a5c35b608,원조18번완당발국수,26,부산광역시,26140,서구,음식,음식,한식,48
202504,26,부산광역시,26140,서구,5938262c1a40bb1e424180bc8a3d0d55,닥밭골벽화마을,49306d9bc71952cc59e78b5a962bf59c,폴에이리조트/해운대,26,부산광역시,26350,해운대구,숙박,숙박,콘도미니엄,49
202504,26,부산광역시,26140,서구,5938262c1a40bb1e424180bc8a3d0d55,닥밭골벽화마을,d0eec69d5268b64e29c0c7602a04a926,해월당/꽃마을점,26,부산광역시,26140,서구,음식,음식,간이음식,50
202504,26,부산광역시,26140,서구,cce9413c45110e2d2c4763ffd5823810,부산공동어시장,b5104f18eeab2aabf720eb975d8719bf,좌동재래시장,26,부산광역시,26350,해운대구,관광지,쇼핑,시장,1
202504,26,부산광역시,26140,서구,cce9413c45110e2d2c4763ffd5823810,부산공동어시장,88b9fe2af9b63210e23911f930f001fc,남산시장,26,부산광역시,26410,금정구,관광지,쇼핑,시장,2
202504,26,부산광역시,26140,서구,cce9413c45110e2d2c4763ffd5823810,부산공동어시장,765f081f8f7143324614e613a4b4a5ce,기장시장,26,부산광역시,26710,기장군,관광지,쇼핑,시장,3
202504,26,부산광역시,26140,서구,cce9413c45110e2d2c4763ffd5823810,부산공동어시장,607153e3e7e879a86c9505cd5bcb1860,대변항,26,부산광역시,26710,기장군,관광지,자연관광,자연경관(하천/해양),4
202504,26,부산광역시,26140,서구,cce9413c45110e2d2c4763ffd5823810,부산공동어시장,986cfeba42ee1839ece5fb4a3502c4d3,민락회타운,26,부산광역시,26500,수영구,관광지,쇼핑,시장,5
202504,26,부산광역시,26140,서구,cce9413c45110e2d2c4763ffd5823810,부산공동어시장,553a1099bf1a5568f3e6153e44dbd6c7,김해국제공항,26,부산광역시,26440,강서구,관광지,기타관광,교통시설,6
202504,26,부산광역시,26140,서구,cce9413c45110e2d2c4763ffd5823810,부산공동어시장,f4b4f749a6cdfd734d4512c18b227d6a,태종대,26,부산광역시,26200,영도구,관광지,역사관광,역사유적지,7
202504,26,부산광역시,26140,서구,cce9413c45110e2d2c4763ffd5823810,부산공동어시장,1c140c3d08b3352b8b88d2cfefd66183,CGV/서면,26,부산광역시,26230,부산진구,관광지,문화관광,공연시설,8
202504,26,부산광역시,26140,서구,cce9413c45110e2d2c4763ffd5823810,부산공동어시장,69707e2a65d17c7f4099124af0637b69,롯데백화점/광복점,26,부산광역시,26110,중구,관광지,쇼핑,백화점,9
202504,26,부산광역시,26140,서구,cce9413c45110e2d2c4763ffd5823810,부산공동어시장,8c1c1bfc8a2750310c5d1d0695ef74eb,피아크카페앤베이커리,26,부산광역시,26200,영도구,음식,음식,카페/찻집,10
202504,26,부산광역시,26140,서구,cce9413c45110e2d2c4763ffd5823810,부산공동어시장,06c197749a806eaab43f198edb70ec66,백세촌24시순대돼지국밥,26,부산광역시,26200,영도구,음식,음식,한식,11
202504,26,부산광역시,26140,서구,cce9413c45110e2d2c4763ffd5823810,부산공동어시장,6dc18a8de1b97f2932842b52356089e8,스타벅스/사상엄궁DT점,26,부산광역시,26530,사상구,음식,음식,카페/찻집,12
202504,26,부산광역시,26140,서구,cce9413c45110e2d2c4763ffd5823810,부산공동어시장,4bfe2a9bbebdf0c8358225ce31581d71,남포동건어물도매시장,26,부산광역시,26110,중구,관광지,쇼핑,시장,13
202504,26,부산광역시,26140,서구,cce9413c45110e2d2c4763ffd5823810,부산공동어시장,e46949ec5bdda44406c77d11bb7557e6,신창국밥/부산역점,26,부산광역시,26170,동구,음식,음식,한식,14
202504,26,부산광역시,26140,서구,cce9413c45110e2d2c4763ffd5823810,부산공동어시장,a2308abb75850c45632b804b7e08020d,CGV/서면삼정타워,26,부산광역시,26230,부산진구,관광지,문화관광,공연시설,15
202504,26,부산광역시,26140,서구,cce9413c45110e2d2c4763ffd5823810,부산공동어시장,3db72ca109c25c17075c00e4c1d3cb57,스포원파크,26,부산광역시,26410,금정구,관광지,문화관광,도시공원,16
202504,26,부산광역시,26140,서구,cce9413c45110e2d2c4763ffd5823810,부산공동어시장,5c6736ecf306b272b6e2e8d9d331511f,최뼈다구해장국/1호점,26,부산광역시,26530,사상구,음식,음식,한식,17
202504,26,부산광역시,26140,서구,cce9413c45110e2d2c4763ffd5823810,부산공동어시장,176a128dcb3cc49d43f4a00fdf1ecfe5,목장원,26,부산광역시,26200,영도구,음식,음식,한식,18
202504,26,부산광역시,26140,서구,cce9413c45110e2d2c4763ffd5823810,부산공동어시장,4f8c6518acd1e6ff053e589e0ac90fa7,송도해수욕장,26,부산광역시,26140,서구,관광지,자연관광,자연경관(하천/해양),19
202504,26,부산광역시,26140,서구,cce9413c45110e2d2c4763ffd5823810,부산공동어시장,13eb3c46ebf168170306f8665b91ab1f,반송큰시장,26,부산광역시,26350,해운대구,관광지,쇼핑,시장,20
202504,26,부산광역시,26140,서구,cce9413c45110e2d2c4763ffd5823810,부산공동어시장,4413ed6da73f89f2b797788d8ade2268,취원/[중식],26,부산광역시,26470,연제구,음식,음식,외국식,21
202504,26,부산광역시,26140,서구,cce9413c45110e2d2c4763ffd5823810,부산공동어시장,c870839cbffcf6264270a57e52516e3e,청담/[한식],26,부산광역시,26470,연제구,음식,음식,한식,22
202504,26,부산광역시,26140,서구,cce9413c45110e2d2c4763ffd5823810,부산공동어시장,9ef97bf6a998d70b5492874b32608b80,태종대온천,26,부산광역시,26200,영도구,관광지,체험관광,웰니스관광,23
202504,26,부산광역시,26140,서구,cce9413c45110e2d2c4763ffd5823810,부산공동어시장,6ac61d42ee12e6b4540e8e35aac49101,남부민방파제,26,부산광역시,26140,서구,관광지,자연관광,자연경관(하천/해양),24
202504,26,부산광역시,26140,서구,cce9413c45110e2d2c4763ffd5823810,부산공동어시장,35b4c219570389fdff817b72cee28110,이조숯불갈비이조정식,26,부산광역시,26140,서구,음식,음식,한식,25
202504,26,부산광역시,26140,서구,cce9413c45110e2d2c4763ffd5823810,부산공동어시장,943b04432f738e9bb91407d784abe573,다대포해변공원,26,부산광역시,26380,사하구,관광지,문화관광,도시공원,26
202504,26,부산광역시,26140,서구,cce9413c45110e2d2c4763ffd5823810,부산공동어시장,2a9ec56385a928c1c398979a0746ff9f,밀락더마켓,26,부산광역시,26500,수영구,관광지,쇼핑,쇼핑몰,27
202504,26,부산광역시,26140,서구,cce9413c45110e2d2c4763ffd5823810,부산공동어시장,697af36f8726f317b3806438ce48b060,남천해변시장,26,부산광역시,26500,수영구,관광지,쇼핑,시장,28
202504,26,부산광역시,26140,서구,cce9413c45110e2d2c4763ffd5823810,부산공동어시장,3b4b01d135b3dc4906155767967c4afe,파라다이스호텔/부산,26,부산광역시,26350,해운대구,숙박,숙박,호텔,29
202504,26,부산광역시,26140,서구,cce9413c45110e2d2c4763ffd5823810,부산공동어시장,f4b3859c8cee304899c722dd2c41b328,부전시장,26,부산광역시,26230,부산진구,관광지,쇼핑,시장,30
202504,26,부산광역시,26140,서구,cce9413c45110e2d2c4763ffd5823810,부산공동어시장,33a86c2af7ad0d8bfe42461e806fe49b,해운대곰장어골목,26,부산광역시,26350,해운대구,음식,음식,음식점기타,31
202504,26,부산광역시,26140,서구,cce9413c45110e2d2c4763ffd5823810,부산공동어시장,05502cccc663eb9b89155a8451e4d6f4,하운드호텔/해운대시그니처,26,부산광역시,26350,해운대구,숙박,숙박,호텔,32
202504,26,부산광역시,26140,서구,cce9413c45110e2d2c4763ffd5823810,부산공동어시장,eaa81702d59cd45f8d10062010b96f21,코모도호텔/부산,26,부산광역시,26110,중구,숙박,숙박,호텔,33
202504,26,부산광역시,26140,서구,cce9413c45110e2d2c4763ffd5823810,부산공동어시장,2237eb8644ef828af4eba7d35032c111,고래1번지,26,부산광역시,26110,중구,음식,음식,전문음식,34
202504,26,부산광역시,26140,서구,cce9413c45110e2d2c4763ffd5823810,부산공동어시장,d6dc86e69c840d73ff5067a11c789691,자갈치시장,26,부산광역시,26110,중구,관광지,쇼핑,시장,35
202504,26,부산광역시,26140,서구,cce9413c45110e2d2c4763ffd5823810,부산공동어시장,ff65b8a16e9fe8ba5eb6fb15d32283d4,브라운도트호텔/송도해수욕장점,26,부산광역시,26140,서구,숙박,숙박,호텔,36
202504,26,부산광역시,26140,서구,cce9413c45110e2d2c4763ffd5823810,부산공동어시장,a456c4050e08099ba862bef8ae5dc8de,월강,26,부산광역시,26230,부산진구,음식,음식,외국식,37
202504,26,부산광역시,26140,서구,cce9413c45110e2d2c4763ffd5823810,부산공동어시장,df422c396899ea8d746a383fab5200ef,탐앤탐스/부산송도해수욕장점,26,부산광역시,26140,서구,음식,음식,카페/찻집,38
202504,26,부산광역시,26140,서구,cce9413c45110e2d2c4763ffd5823810,부산공동어시장,9de1e2fc3e57049c23e25bc2b16eece2,그랩디오션/송도,26,부산광역시,26140,서구,숙박,숙박,호텔,39
202504,26,부산광역시,26140,서구,cce9413c45110e2d2c4763ffd5823810,부산공동어시장,b9dab70a4eac8268531bbd26c0ac30aa,감천문화마을,26,부산광역시,26380,사하구,관광지,기타관광,기타관광,40
202504,26,부산광역시,26140,서구,cce9413c45110e2d2c4763ffd5823810,부산공동어시장,80b68dec7a324fdf7d4bc5a5ef023994,다대포해수욕장,26,부산광역시,26380,사하구,관광지,자연관광,자연경관(하천/해양),41
202504,26,부산광역시,26140,서구,cce9413c45110e2d2c4763ffd5823810,부산공동어시장,e9052bcdd5b517edd8f72ec045deb1a4,롯데호텔/부산점,26,부산광역시,26230,부산진구,숙박,숙박,호텔,42
202504,26,부산광역시,26140,서구,cce9413c45110e2d2c4763ffd5823810,부산공동어시장,46760a68bdafbf8cc4606a4193450653,암남공원,26,부산광역시,26140,서구,관광지,문화관광,도시공원,43
202504,26,부산광역시,26140,서구,cce9413c45110e2d2c4763ffd5823810,부산공동어시장,aeb817ed03a24fef607b5e5f6be3bba9,그랜드모먼트유스호스텔,26,부산광역시,26290,남구,숙박,숙박,호스텔,44
202504,26,부산광역시,26140,서구,cce9413c45110e2d2c4763ffd5823810,부산공동어시장,b1f3c1a67afb3383797c65792f81d61a,엄궁농산물도매시장,26,부산광역시,26530,사상구,관광지,쇼핑,시장,45
202504,26,부산광역시,26140,서구,cce9413c45110e2d2c4763ffd5823810,부산공동어시장,d06bc96315176a4c3a56f02db292092c,부산교육역사관,26,부산광역시,26380,사하구,관광지,문화관광,전시시설,46
202504,26,부산광역시,26140,서구,cce9413c45110e2d2c4763ffd5823810,부산공동어시장,1b640333a214f51cc3d74e17f6313fda,참곰장어,26,부산광역시,26710,기장군,음식,음식,전문음식,47
202504,26,부산광역시,26140,서구,cce9413c45110e2d2c4763ffd5823810,부산공동어시장,3d729366aaea275cb43eb1f8ed4edea5,영진돼지국밥/본점,26,부산광역시,26380,사하구,음식,음식,한식,48
202504,26,부산광역시,26140,서구,cce9413c45110e2d2c4763ffd5823810,부산공동어시장,c52fe5f2c3c0e98a3afcd7f90da32324,해운대유람선터미널,26,부산광역시,26350,해운대구,관광지,기타관광,교통시설,49
202504,26,부산광역시,26140,서구,cce9413c45110e2d2c4763ffd5823810,부산공동어시장,549bc4c4eb4664151739287503544839,흰여울문화마을,26,부산광역시,26200,영도구,관광지,기타관광,기타관광,50
202504,26,부산광역시,26140,서구,6d55b49f49827d66554ce67aadfcd889,부산국제수산물도매시장,f4b3859c8cee304899c722dd2c41b328,부전시장,26,부산광역시,26230,부산진구,관광지,쇼핑,시장,1
202504,26,부산광역시,26140,서구,6d55b49f49827d66554ce67aadfcd889,부산국제수산물도매시장,69707e2a65d17c7f4099124af0637b69,롯데백화점/광복점,26,부산광역시,26110,중구,관광지,쇼핑,백화점,2
202504,26,부산광역시,26140,서구,6d55b49f49827d66554ce67aadfcd889,부산국제수산물도매시장,ccf40214e7861046a572df429ee6e389,국제시장,26,부산광역시,26110,중구,관광지,쇼핑,시장,3
202504,26,부산광역시,26140,서구,6d55b49f49827d66554ce67aadfcd889,부산국제수산물도매시장,46760a68bdafbf8cc4606a4193450653,암남공원,26,부산광역시,26140,서구,관광지,문화관광,도시공원,4
202504,26,부산광역시,26140,서구,6d55b49f49827d66554ce67aadfcd889,부산국제수산물도매시장,c2a65049f23ee105a35fbee6870b0f20,영도면옥,26,부산광역시,26200,영도구,음식,음식,한식,5
202504,26,부산광역시,26140,서구,6d55b49f49827d66554ce67aadfcd889,부산국제수산물도매시장,4f8c6518acd1e6ff053e589e0ac90fa7,송도해수욕장,26,부산광역시,26140,서구,관광지,자연관광,자연경관(하천/해양),6
202504,26,부산광역시,26140,서구,6d55b49f49827d66554ce67aadfcd889,부산국제수산물도매시장,e3e21c5cd7f25921dfe9713f02ebcd9e,장림골목시장,26,부산광역시,26380,사하구,관광지,쇼핑,시장,7
202504,26,부산광역시,26140,서구,6d55b49f49827d66554ce67aadfcd889,부산국제수산물도매시장,4d96e1307b971ff43673d9f321b77f34,감천동편부두,26,부산광역시,26140,서구,관광지,자연관광,자연경관(하천/해양),8
202504,26,부산광역시,26140,서구,6d55b49f49827d66554ce67aadfcd889,부산국제수산물도매시장,ad97c51f20945b90372c1cd6c5d63cc3,국립수산과학관,26,부산광역시,26710,기장군,관광지,문화관광,전시시설,9
202504,26,부산광역시,26140,서구,6d55b49f49827d66554ce67aadfcd889,부산국제수산물도매시장,8877984a63c9640ad6a4dec3ef934719,롯데백화점/부산본점,26,부산광역시,26230,부산진구,관광지,쇼핑,백화점,10
202504,26,부산광역시,26140,서구,6d55b49f49827d66554ce67aadfcd889,부산국제수산물도매시장,664bcb8aaae12fcedf6b388e569532d8,벡스코/제1전시장,26,부산광역시,26350,해운대구,관광지,문화관광,전시시설,11
202504,26,부산광역시,26140,서구,6d55b49f49827d66554ce67aadfcd889,부산국제수산물도매시장,b9dab70a4eac8268531bbd26c0ac30aa,감천문화마을,26,부산광역시,26380,사하구,관광지,기타관광,기타관광,12
202504,26,부산광역시,26140,서구,6d55b49f49827d66554ce67aadfcd889,부산국제수산물도매시장,57639e8e670b2593943af21b1df28faa,반여농산물도매시장,26,부산광역시,26350,해운대구,관광지,쇼핑,시장,13
202504,26,부산광역시,26140,서구,6d55b49f49827d66554ce67aadfcd889,부산국제수산물도매시장,7c540d03830be025b2e21a8b01b5617e,부엉이마을,26,부산광역시,26110,중구,음식,음식,한식,14
202504,26,부산광역시,26140,서구,1ff8a5ae8db990462539988e317d1223,부산중앙공원,571b63825febd011a74418322cbce104,신동아시장,26,부산광역시,26110,중구,관광지,쇼핑,시장,1
202504,26,부산광역시,26140,서구,1ff8a5ae8db990462539988e317d1223,부산중앙공원,69707e2a65d17c7f4099124af0637b69,롯데백화점/광복점,26,부산광역시,26110,중구,관광지,쇼핑,백화점,2
202504,26,부산광역시,26140,서구,1ff8a5ae8db990462539988e317d1223,부산중앙공원,cfe0563b1a857a9a768d94aef6df93a5,초량1941,26,부산광역시,26170,동구,음식,음식,카페/찻집,3
202504,26,부산광역시,26140,서구,1ff8a5ae8db990462539988e317d1223,부산중앙공원,99d6a11a2a10ff161b6b6f0e8166a2c9,UN기념공원,26,부산광역시,26290,남구,관광지,문화관광,도시공원,4
202504,26,부산광역시,26140,서구,1ff8a5ae8db990462539988e317d1223,부산중앙공원,6ac61d42ee12e6b4540e8e35aac49101,남부민방파제,26,부산광역시,26140,서구,관광지,자연관광,자연경관(하천/해양),5
202504,26,부산광역시,26140,서구,1ff8a5ae8db990462539988e317d1223,부산중앙공원,3ccdedc105056f0261338e6232081fd5,부산민주공원,26,부산광역시,26110,중구,관광지,문화관광,도시공원,6
202504,26,부산광역시,26140,서구,1ff8a5ae8db990462539988e317d1223,부산중앙공원,b20daf5ea158bceb323c3ecc97bba500,합천일류돼지국밥/본점,26,부산광역시,26530,사상구,음식,음식,한식,7
202504,26,부산광역시,26140,서구,1ff8a5ae8db990462539988e317d1223,부산중앙공원,1891d6f87944f179de9c584068b52e20,대저생태공원,26,부산광역시,26440,강서구,관광지,문화관광,도시공원,8
202504,26,부산광역시,26140,서구,1ff8a5ae8db990462539988e317d1223,부산중앙공원,09485ccc9e6891848afe25485d9a1f94,이재모피자/본점,26,부산광역시,26110,중구,음식,음식,간이음식,9
202504,26,부산광역시,26140,서구,1ff8a5ae8db990462539988e317d1223,부산중앙공원,4aa13586ebe6ff193d05ed894e3800c0,고심정사,26,부산광역시,26110,중구,관광지,역사관광,종교성지,10
202504,26,부산광역시,26140,서구,1ff8a5ae8db990462539988e317d1223,부산중앙공원,beffb864101db8678ac51a22e989803a,성곡시장,26,부산광역시,26230,부산진구,관광지,쇼핑,시장,11
202504,26,부산광역시,26140,서구,1ff8a5ae8db990462539988e317d1223,부산중앙공원,a6c83d52e6aa80420b9b6aed4ae4ceef,옛날오막집,26,부산광역시,26140,서구,음식,음식,전문음식,12
202504,26,부산광역시,26140,서구,1ff8a5ae8db990462539988e317d1223,부산중앙공원,116db0970a236e4e71860077e3c6f206,북항친수공원,26,부산광역시,26170,동구,관광지,문화관광,도시공원,13
202504,26,부산광역시,26140,서구,1ff8a5ae8db990462539988e317d1223,부산중앙공원,4d6f230e43b32d46a27769384cb7520f,폴바셋/대연DT점,26,부산광역시,26290,남구,음식,음식,카페/찻집,14
202504,26,부산광역시,26140,서구,1ff8a5ae8db990462539988e317d1223,부산중앙공원,a64e90a54e37f5cfe8a1bd7e891f2b38,감천문화마을안내센터,26,부산광역시,26380,사하구,관광지,기타관광,기타관광,15
202504,26,부산광역시,26140,서구,1ff8a5ae8db990462539988e317d1223,부산중앙공원,29624bc1067b1dba5c1cebc26216d8ec,아스티호텔/부산,26,부산광역시,26170,동구,숙박,숙박,호텔,16
202504,26,부산광역시,26140,서구,1ff8a5ae8db990462539988e317d1223,부산중앙공원,24ae399213c8d5cae5fa16a3168fc432,낙동강하구에코센터,26,부산광역시,26380,사하구,관광지,기타관광,기타관광,17
202504,26,부산광역시,26140,서구,1ff8a5ae8db990462539988e317d1223,부산중앙공원,da0d221ee39a648838bcfcfbc9c99b83,메이크씨,26,부산광역시,26710,기장군,음식,음식,카페/찻집,18
202504,26,부산광역시,26140,서구,1ff8a5ae8db990462539988e317d1223,부산중앙공원,9e20fca20ad9ba57065497d37d96cb79,맥도날드/부산초량DT점,26,부산광역시,26170,동구,음식,음식,간이음식,19
202504,26,부산광역시,26140,서구,1ff8a5ae8db990462539988e317d1223,부산중앙공원,eaa81702d59cd45f8d10062010b96f21,코모도호텔/부산,26,부산광역시,26110,중구,숙박,숙박,호텔,20
202504,26,부산광역시,26140,서구,1ff8a5ae8db990462539988e317d1223,부산중앙공원,e2cb4396b9310ac54f6959ef6388d96b,제주복국,26,부산광역시,26200,영도구,음식,음식,전문음식,21
202504,26,부산광역시,26140,서구,1ff8a5ae8db990462539988e317d1223,부산중앙공원,8877984a63c9640ad6a4dec3ef934719,롯데백화점/부산본점,26,부산광역시,26230,부산진구,관광지,쇼핑,백화점,22
202504,26,부산광역시,26140,서구,1ff8a5ae8db990462539988e317d1223,부산중앙공원,193f95704967350c752e3fab85e62c55,기장끝집/일광점,26,부산광역시,26710,기장군,음식,음식,간이음식,23
202504,26,부산광역시,26140,서구,1ff8a5ae8db990462539988e317d1223,부산중앙공원,26a6072653dbb73bc461e441efd3e635,성암사,26,부산광역시,26290,남구,관광지,역사관광,종교성지,24
202504,26,부산광역시,26140,서구,1ff8a5ae8db990462539988e317d1223,부산중앙공원,b35457dbd878650bd7e762db70030ad9,코지하우스/명지점,26,부산광역시,26440,강서구,음식,음식,전문음식,25
202504,26,부산광역시,26140,서구,1ff8a5ae8db990462539988e317d1223,부산중앙공원,09b9b3cfade570cbcc769074a5878f16,부산해군회관,26,부산광역시,26290,남구,숙박,숙박,호텔,26
202504,26,부산광역시,26140,서구,1ff8a5ae8db990462539988e317d1223,부산중앙공원,5c7f1f048e6495f2efc5b2bc3d94a5b6,롯데백화점/동래점,26,부산광역시,26260,동래구,관광지,쇼핑,백화점,27
202504,26,부산광역시,26140,서구,1ff8a5ae8db990462539988e317d1223,부산중앙공원,9b2a11e0298ef1105238ed8305bde52d,평화공원,26,부산광역시,26290,남구,관광지,문화관광,도시공원,28
202504,26,부산광역시,26140,서구,1ff8a5ae8db990462539988e317d1223,부산중앙공원,3d45ad215dada248993ceafdc0d46e42,토요코인호텔/부산역1호점,26,부산광역시,26170,동구,숙박,숙박,호텔,29
202504,26,부산광역시,26140,서구,ca6e8851e611e1b92c5448d82208acdb,송도해상케이블카,d6dc86e69c840d73ff5067a11c789691,자갈치시장,26,부산광역시,26110,중구,관광지,쇼핑,시장,1
202504,26,부산광역시,26140,서구,ca6e8851e611e1b92c5448d82208acdb,송도해상케이블카,f4b4f749a6cdfd734d4512c18b227d6a,태종대,26,부산광역시,26200,영도구,관광지,역사관광,역사유적지,2
202504,26,부산광역시,26140,서구,ca6e8851e611e1b92c5448d82208acdb,송도해상케이블카,b9dab70a4eac8268531bbd26c0ac30aa,감천문화마을,26,부산광역시,26380,사하구,관광지,기타관광,기타관광,3
202504,26,부산광역시,26140,서구,ca6e8851e611e1b92c5448d82208acdb,송도해상케이블카,093231be3cdaa9651091482fbeb0c973,오륙도스카이워크,26,부산광역시,26290,남구,관광지,문화관광,랜드마크관광,4
202504,26,부산광역시,26140,서구,ca6e8851e611e1b92c5448d82208acdb,송도해상케이블카,46760a68bdafbf8cc4606a4193450653,암남공원,26,부산광역시,26140,서구,관광지,문화관광,도시공원,5
202504,26,부산광역시,26140,서구,ca6e8851e611e1b92c5448d82208acdb,송도해상케이블카,ccf40214e7861046a572df429ee6e389,국제시장,26,부산광역시,26110,중구,관광지,쇼핑,시장,6
202504,26,부산광역시,26140,서구,ca6e8851e611e1b92c5448d82208acdb,송도해상케이블카,d68c2c6af7cf6cb1092154f35a52c1c7,해동용궁사,26,부산광역시,26710,기장군,관광지,역사관광,종교성지,7
