level,areaCode,regionCode,regionNm,baseYmd,daywkDivCd,daywkDivNm,touDivCd,touDivNm,touNum
sigungu,11,11110,종로구,20240101,1,월요일,1,현지인(a),98007.0
sigungu,11,11110,종로구,20240101,1,월요일,2,외지인(b),302837.5
sigungu,11,11110,종로구,20240101,1,월요일,3,외국인(c),32906.72000000001
sigungu,11,11140,중구,20240101,1,월요일,1,현지인(a),76181.0
sigungu,11,11140,중구,20240101,1,월요일,2,외지인(b),283633.0
sigungu,11,11140,중구,20240101,1,월요일,3,외국인(c),62900.04
sigungu,11,11170,용산구,20240101,1,월요일,1,현지인(a),124316.5
sigungu,11,11170,용산구,20240101,1,월요일,2,외지인(b),234496.5
sigungu,11,11170,용산구,20240101,1,월요일,3,외국인(c),21638.569999999996
sigungu,11,11200,성동구,20240101,1,월요일,1,현지인(a),108013.5
sigungu,11,11200,성동구,20240101,1,월요일,2,외지인(b),119406.0
sigungu,11,11200,성동구,20240101,1,월요일,3,외국인(c),7378.880000000001
sigungu,11,11215,광진구,20240101,1,월요일,1,현지인(a),184555.0
sigungu,11,11215,광진구,20240101,1,월요일,2,외지인(b),176165.5
sigungu,11,11215,광진구,20240101,1,월요일,3,외국인(c),3882.1200000000003
sigungu,11,11230,동대문구,20240101,1,월요일,1,현지인(a),145250.0
sigungu,11,11230,동대문구,20240101,1,월요일,2,외지인(b),108496.5
sigungu,11,11230,동대문구,20240101,1,월요일,3,외국인(c),3844.1700000000005
sigungu,11,11260,중랑구,20240101,1,월요일,1,현지인(a),165126.5
sigungu,11,11260,중랑구,20240101,1,월요일,2,외지인(b),89110.0
sigungu,11,11260,중랑구,20240101,1,월요일,3,외국인(c),992.2499999999999
sigungu,11,11290,성북구,20240101,1,월요일,1,현지인(a),199790.5
sigungu,11,11290,성북구,20240101,1,월요일,2,외지인(b),119066.5
sigungu,11,11290,성북구,20240101,1,월요일,3,외국인(c),2575.0699999999993
sigungu,11,11305,강북구,20240101,1,월요일,1,현지인(a),119707.0
sigungu,11,11305,강북구,20240101,1,월요일,2,외지인(b),96565.0
sigungu,11,11305,강북구,20240101,1,월요일,3,외국인(c),1101.73
sigungu,11,11320,도봉구,20240101,1,월요일,1,현지인(a),115171.0
sigungu,11,11320,도봉구,20240101,1,월요일,2,외지인(b),81917.5
sigungu,11,11320,도봉구,20240101,1,월요일,3,외국인(c),563.5899999999999
sigungu,11,11350,노원구,20240101,1,월요일,1,현지인(a),273787.5
sigungu,11,11350,노원구,20240101,1,월요일,2,외지인(b),144851.0
sigungu,11,11350,노원구,20240101,1,월요일,3,외국인(c),830.7099999999999
sigungu,11,11380,은평구,20240101,1,월요일,1,현지인(a),163264.5
sigungu,11,11380,은평구,20240101,1,월요일,2,외지인(b),104450.5
sigungu,11,11380,은평구,20240101,1,월요일,3,외국인(c),1812.9399999999998
sigungu,11,11410,서대문구,20240101,1,월요일,1,현지인(a),132048.0
sigungu,11,11410,서대문구,20240101,1,월요일,2,외지인(b),154476.0
sigungu,11,11410,서대문구,20240101,1,월요일,3,외국인(c),9216.79
sigungu,11,11440,마포구,20240101,1,월요일,1,현지인(a),209363.0
sigungu,11,11440,마포구,20240101,1,월요일,2,외지인(b),266535.5
sigungu,11,11440,마포구,20240101,1,월요일,3,외국인(c),31077.289999999997
sigungu,11,11470,양천구,20240101,1,월요일,1,현지인(a),149576.0
sigungu,11,11470,양천구,20240101,1,월요일,2,외지인(b),88949.0
sigungu,11,11470,양천구,20240101,1,월요일,3,외국인(c),1415.6299999999999
sigungu,11,11500,강서구,20240101,1,월요일,1,현지인(a),197928.5
sigungu,11,11500,강서구,20240101,1,월요일,2,외지인(b),194092.5
sigungu,11,11500,강서구,20240101,1,월요일,3,외국인(c),8423.569999999998
sigungu,11,11530,구로구,20240101,1,월요일,1,현지인(a),156051.0
sigungu,11,11530,구로구,20240101,1,월요일,2,외지인(b),134589.0
sigungu,11,11530,구로구,20240101,1,월요일,3,외국인(c),4889.64
sigungu,11,11545,금천구,20240101,1,월요일,1,현지인(a),69629.0
sigungu,11,11545,금천구,20240101,1,월요일,2,외지인(b),61089.0
sigungu,11,11545,금천구,20240101,1,월요일,3,외국인(c),2078.35
sigungu,11,11560,영등포구,20240101,1,월요일,1,현지인(a),189329.0
sigungu,11,11560,영등포구,20240101,1,월요일,2,외지인(b),211725.5
sigungu,11,11560,영등포구,20240101,1,월요일,3,외국인(c),12224.919999999998
sigungu,11,11590,동작구,20240101,1,월요일,1,현지인(a),142761.5
sigungu,11,11590,동작구,20240101,1,월요일,2,외지인(b),129885.0
sigungu,11,11590,동작구,20240101,1,월요일,3,외국인(c),3273.5399999999995
sigungu,11,11620,관악구,20240101,1,월요일,1,현지인(a),180701.5
sigungu,11,11620,관악구,20240101,1,월요일,2,외지인(b),134491.0
sigungu,11,11620,관악구,20240101,1,월요일,3,외국인(c),2443.329999999999
sigungu,11,11650,서초구,20240101,1,월요일,1,현지인(a),221116.0
sigungu,11,11650,서초구,20240101,1,월요일,2,외지인(b),249298.0
sigungu,11,11650,서초구,20240101,1,월요일,3,외국인(c),8387.640000000001
sigungu,11,11680,강남구,20240101,1,월요일,1,현지인(a),329812.0
sigungu,11,11680,강남구,20240101,1,월요일,2,외지인(b),310334.5
sigungu,11,11680,강남구,20240101,1,월요일,3,외국인(c),20929.58
sigungu,11,11710,송파구,20240101,1,월요일,1,현지인(a),354469.5
sigungu,11,11710,송파구,20240101,1,월요일,2,외지인(b),301213.5
sigungu,11,11710,송파구,20240101,1,월요일,3,외국인(c),11126.740000000003
sigungu,11,11740,강동구,20240101,1,월요일,1,현지인(a),213843.0
sigungu,11,11740,강동구,20240101,1,월요일,2,외지인(b),110260.5
sigungu,11,11740,강동구,20240101,1,월요일,3,외국인(c),1229.2700000000002
sigungu,26,26110,중구,20240101,1,월요일,1,현지인(a),30110.5
sigungu,26,26110,중구,20240101,1,월요일,2,외지인(b),107758.0
sigungu,26,26110,중구,20240101,1,월요일,3,외국인(c),5929.480000000001
sigungu,26,26140,서구,20240101,1,월요일,1,현지인(a),47988.5
sigungu,26,26140,서구,20240101,1,월요일,2,외지인(b),59237.5
sigungu,26,26140,서구,20240101,1,월요일,3,외국인(c),3016.5699999999997
sigungu,26,26170,동구,20240101,1,월요일,1,현지인(a),34398.0
sigungu,26,26170,동구,20240101,1,월요일,2,외지인(b),90758.5
sigungu,26,26170,동구,20240101,1,월요일,3,외국인(c),4536.9299999999985
sigungu,26,26200,영도구,20240101,1,월요일,1,현지인(a),55191.5
sigungu,26,26200,영도구,20240101,1,월요일,2,외지인(b),67861.5
sigungu,26,26200,영도구,20240101,1,월요일,3,외국인(c),3327.02
sigungu,26,26230,부산진구,20240101,1,월요일,1,현지인(a),181685.0
sigungu,26,26230,부산진구,20240101,1,월요일,2,외지인(b),171125.5
sigungu,26,26230,부산진구,20240101,1,월요일,3,외국인(c),5737.750000000001
sigungu,26,26260,동래구,20240101,1,월요일,1,현지인(a),118818.0
sigungu,26,26260,동래구,20240101,1,월요일,2,외지인(b),91742.0
sigungu,26,26260,동래구,20240101,1,월요일,3,외국인(c),467.46
sigungu,26,26290,남구,20240101,1,월요일,1,현지인(a),119822.5
sigungu,26,26290,남구,20240101,1,월요일,2,외지인(b),78774.5
sigungu,26,26290,남구,20240101,1,월요일,3,외국인(c),3425.1999999999994
sigungu,26,26320,북구,20240101,1,월요일,1,현지인(a),141928.5
sigungu,26,26320,북구,20240101,1,월요일,2,외지인(b),61740.0
sigungu,26,26320,북구,20240101,1,월요일,3,외국인(c),542.3600000000001
sigungu,26,26350,해운대구,20240101,1,월요일,1,현지인(a),220024.0
sigungu,26,26350,해운대구,20240101,1,월요일,2,외지인(b),226772.0
sigungu,26,26350,해운대구,20240101,1,월요일,3,외국인(c),6393.18
sigungu,26,26380,사하구,20240101,1,월요일,1,현지인(a),121919.0
sigungu,26,26380,사하구,20240101,1,월요일,2,외지인(b),75607.0
sigungu,26,26380,사하구,20240101,1,월요일,3,외국인(c),3010.9199999999996
sigungu,26,26410,금정구,20240101,1,월요일,1,현지인(a),107782.5
sigungu,26,26410,금정구,20240101,1,월요일,2,외지인(b),82649.0
sigungu,26,26410,금정구,20240101,1,월요일,3,외국인(c),770.0900000000001
sigungu,26,26440,강서구,20240101,1,월요일,1,현지인(a),63490.0
sigungu,26,26440,강서구,20240101,1,월요일,2,외지인(b),118534.5
sigungu,26,26440,강서구,20240101,1,월요일,3,외국인(c),7734.169999999999
sigungu,26,26470,연제구,20240101,1,월요일,1,현지인(a),46203.5
sigungu,26,26470,연제구,20240101,1,월요일,2,외지인(b),77857.5
sigungu,26,26470,연제구,20240101,1,월요일,3,외국인(c),1026.3400000000001
sigungu,26,26500,수영구,20240101,1,월요일,1,현지인(a),82901.0
sigungu,26,26500,수영구,20240101,1,월요일,2,외지인(b),185223.5
sigungu,26,26500,수영구,20240101,1,월요일,3,외국인(c),2862.01
sigungu,26,26530,사상구,20240101,1,월요일,1,현지인(a),78897.0
sigungu,26,26530,사상구,20240101,1,월요일,2,외지인(b),66692.5
sigungu,26,26530,사상구,20240101,1,월요일,3,외국인(c),1063.93
sigungu,26,26710,기장군,20240101,1,월요일,1,현지인(a),88063.5
sigungu,26,26710,기장군,20240101,1,월요일,2,외지인(b),214098.5
sigungu,26,26710,기장군,20240101,1,월요일,3,외국인(c),3941.2700000000004
sigungu,27,27110,중구,20240101,1,월요일,1,현지인(a),58933.0
sigungu,27,27110,중구,20240101,1,월요일,2,외지인(b),151854.5
sigungu,27,27110,중구,20240101,1,월요일,3,외국인(c),825.8500000000003
sigungu,27,27140,동구,20240101,1,월요일,1,현지인(a),166386.5
sigungu,27,27140,동구,20240101,1,월요일,2,외지인(b),184548.0
sigungu,27,27140,동구,20240101,1,월요일,3,외국인(c),1553.9499999999998
sigungu,27,27170,서구,20240101,1,월요일,1,현지인(a),50585.5
sigungu,27,27170,서구,20240101,1,월요일,2,외지인(b),49108.5
sigungu,27,27170,서구,20240101,1,월요일,3,외국인(c),253.10000000000002
sigungu,27,27200,남구,20240101,1,월요일,1,현지인(a),58453.5
sigungu,27,27200,남구,20240101,1,월요일,2,외지인(b),70290.5
sigungu,27,27200,남구,20240101,1,월요일,3,외국인(c),369.8
sigungu,27,27230,북구,20240101,1,월요일,1,현지인(a),219950.5
sigungu,27,27230,북구,20240101,1,월요일,2,외지인(b),121628.5
sigungu,27,27230,북구,20240101,1,월요일,3,외국인(c),753.3500000000001
sigungu,27,27260,수성구,20240101,1,월요일,1,현지인(a),204844.5
sigungu,27,27260,수성구,20240101,1,월요일,2,외지인(b),122283.0
sigungu,27,27260,수성구,20240101,1,월요일,3,외국인(c),727.89
sigungu,27,27290,달서구,20240101,1,월요일,1,현지인(a),272282.5
sigungu,27,27290,달서구,20240101,1,월요일,2,외지인(b),135149.0
sigungu,27,27290,달서구,20240101,1,월요일,3,외국인(c),959.4799999999998
sigungu,27,27710,달성군,20240101,1,월요일,1,현지인(a),88854.5
sigungu,27,27710,달성군,20240101,1,월요일,2,외지인(b),101801.0
sigungu,27,27710,달성군,20240101,1,월요일,3,외국인(c),581.2800000000001
sigungu,27,27720,군위군,20240101,1,월요일,1,현지인(a),8116.5
sigungu,27,27720,군위군,20240101,1,월요일,2,외지인(b),35318.5
sigungu,27,27720,군위군,20240101,1,월요일,3,외국인(c),168.54999999999995
sigungu,28,28110,중구,20240101,1,월요일,1,현지인(a),106106.0
sigungu,28,28110,중구,20240101,1,월요일,2,외지인(b),344841.0
sigungu,28,28110,중구,20240101,1,월요일,3,외국인(c),42789.24999999999
sigungu,28,28140,동구,20240101,1,월요일,1,현지인(a),19208.0
sigungu,28,28140,동구,20240101,1,월요일,2,외지인(b),24314.5
sigungu,28,28140,동구,20240101,1,월요일,3,외국인(c),346.08
sigungu,28,28177,미추홀구,20240101,1,월요일,1,현지인(a),172385.5
sigungu,28,28177,미추홀구,20240101,1,월요일,2,외지인(b),103292.0
sigungu,28,28177,미추홀구,20240101,1,월요일,3,외국인(c),1167.8600000000001
sigungu,28,28185,연수구,20240101,1,월요일,1,현지인(a),197869.0
sigungu,28,28185,연수구,20240101,1,월요일,2,외지인(b),129720.5
sigungu,28,28185,연수구,20240101,1,월요일,3,외국인(c),3807.59
sigungu,28,28200,남동구,20240101,1,월요일,1,현지인(a),197155.0
sigungu,28,28200,남동구,20240101,1,월요일,2,외지인(b),138418.0
sigungu,28,28200,남동구,20240101,1,월요일,3,외국인(c),1856.9899999999996
sigungu,28,28237,부평구,20240101,1,월요일,1,현지인(a),193039.0
sigungu,28,28237,부평구,20240101,1,월요일,2,외지인(b),126486.5
sigungu,28,28237,부평구,20240101,1,월요일,3,외국인(c),2023.71
sigungu,28,28245,계양구,20240101,1,월요일,1,현지인(a),107719.5
sigungu,28,28245,계양구,20240101,1,월요일,2,외지인(b),78722.0
sigungu,28,28245,계양구,20240101,1,월요일,3,외국인(c),1205.3199999999997
sigungu,28,28260,서구,20240101,1,월요일,1,현지인(a),297871.0
sigungu,28,28260,서구,20240101,1,월요일,2,외지인(b),130942.0
sigungu,28,28260,서구,20240101,1,월요일,3,외국인(c),2523.72
sigungu,28,28710,강화군,20240101,1,월요일,1,현지인(a),48919.5
sigungu,28,28710,강화군,20240101,1,월요일,2,외지인(b),87013.5
sigungu,28,28710,강화군,20240101,1,월요일,3,외국인(c),565.22
sigungu,28,28720,옹진군,20240101,1,월요일,1,현지인(a),9040.5
sigungu,28,28720,옹진군,20240101,1,월요일,2,외지인(b),23296.0
sigungu,28,28720,옹진군,20240101,1,월요일,3,외국인(c),6372.549999999998
sigungu,29,29110,동구,20240101,1,월요일,1,현지인(a),60718.0
sigungu,29,29110,동구,20240101,1,월요일,2,외지인(b),89120.5
sigungu,29,29110,동구,20240101,1,월요일,3,외국인(c),239.47000000000003
sigungu,29,29140,서구,20240101,1,월요일,1,현지인(a),145806.5
sigungu,29,29140,서구,20240101,1,월요일,2,외지인(b),112220.5
sigungu,29,29140,서구,20240101,1,월요일,3,외국인(c),477.65000000000003
sigungu,29,29155,남구,20240101,1,월요일,1,현지인(a),52524.5
sigungu,29,29155,남구,20240101,1,월요일,2,외지인(b),48212.5
sigungu,29,29155,남구,20240101,1,월요일,3,외국인(c),183.3
sigungu,29,29170,북구,20240101,1,월요일,1,현지인(a),199790.5
sigungu,29,29170,북구,20240101,1,월요일,2,외지인(b),106211.0
sigungu,29,29170,북구,20240101,1,월요일,3,외국인(c),437.46
sigungu,29,29200,광산구,20240101,1,월요일,1,현지인(a),204799.0
sigungu,29,29200,광산구,20240101,1,월요일,2,외지인(b),119287.0
sigungu,29,29200,광산구,20240101,1,월요일,3,외국인(c),841.5600000000001
sigungu,30,30110,동구,20240101,1,월요일,1,현지인(a),72999.5
sigungu,30,30110,동구,20240101,1,월요일,2,외지인(b),111923.0
sigungu,30,30110,동구,20240101,1,월요일,3,외국인(c),600.2
sigungu,30,30140,중구,20240101,1,월요일,1,현지인(a),92729.0
sigungu,30,30140,중구,20240101,1,월요일,2,외지인(b),112017.5
sigungu,30,30140,중구,20240101,1,월요일,3,외국인(c),325.75000000000006
sigungu,30,30170,서구,20240101,1,월요일,1,현지인(a),227192.0
sigungu,30,30170,서구,20240101,1,월요일,2,외지인(b),140346.5
sigungu,30,30170,서구,20240101,1,월요일,3,외국인(c),609.6599999999999
sigungu,30,30200,유성구,20240101,1,월요일,1,현지인(a),198989.0
sigungu,30,30200,유성구,20240101,1,월요일,2,외지인(b),143489.5
sigungu,30,30200,유성구,20240101,1,월요일,3,외국인(c),783.16
sigungu,30,30230,대덕구,20240101,1,월요일,1,현지인(a),59664.5
sigungu,30,30230,대덕구,20240101,1,월요일,2,외지인(b),68372.5
sigungu,30,30230,대덕구,20240101,1,월요일,3,외국인(c),310.49000000000007
sigungu,31,31110,중구,20240101,1,월요일,1,현지인(a),93387.0
sigungu,31,31110,중구,20240101,1,월요일,2,외지인(b),62954.5
sigungu,31,31110,중구,20240101,1,월요일,3,외국인(c),168.05
sigungu,31,31140,남구,20240101,1,월요일,1,현지인(a),170803.5
sigungu,31,31140,남구,20240101,1,월요일,2,외지인(b),106400.0
sigungu,31,31140,남구,20240101,1,월요일,3,외국인(c),1814.68
sigungu,31,31170,동구,20240101,1,월요일,1,현지인(a),74742.5
sigungu,31,31170,동구,20240101,1,월요일,2,외지인(b),55209.0
sigungu,31,31170,동구,20240101,1,월요일,3,외국인(c),1736.7099999999998
sigungu,31,31200,북구,20240101,1,월요일,1,현지인(a),96323.5
sigungu,31,31200,북구,20240101,1,월요일,2,외지인(b),80587.5
sigungu,31,31200,북구,20240101,1,월요일,3,외국인(c),2093.9900000000002
sigungu,31,31710,울주군,20240101,1,월요일,1,현지인(a),110386.5
sigungu,31,31710,울주군,20240101,1,월요일,2,외지인(b),141081.5
sigungu,31,31710,울주군,20240101,1,월요일,3,외국인(c),1752.9499999999998
sigungu,36,36110,세종특별자치시,20240101,1,월요일,1,현지인(a),176886.5
sigungu,36,36110,세종특별자치시,20240101,1,월요일,2,외지인(b),82575.5
sigungu,36,36110,세종특별자치시,20240101,1,월요일,3,외국인(c),785.76
sigungu,41,41110,수원시,20240101,1,월요일,1,현지인(a),507125.5
sigungu,41,41110,수원시,20240101,1,월요일,2,외지인(b),444563.0
sigungu,41,41110,수원시,20240101,1,월요일,3,외국인(c),4473.930000000001
sigungu,41,41111,수원시 장안구,20240101,1,월요일,1,현지인(a),126308.0
sigungu,41,41111,수원시 장안구,20240101,1,월요일,2,외지인(b),100005.5
sigungu,41,41111,수원시 장안구,20240101,1,월요일,3,외국인(c),783.6200000000001
sigungu,41,41113,수원시 권선구,20240101,1,월요일,1,현지인(a),126196.0
sigungu,41,41113,수원시 권선구,20240101,1,월요일,2,외지인(b),110894.0
sigungu,41,41113,수원시 권선구,20240101,1,월요일,3,외국인(c),1251.0300000000002
sigungu,41,41115,수원시 팔달구,20240101,1,월요일,1,현지인(a),105105.0
sigungu,41,41115,수원시 팔달구,20240101,1,월요일,2,외지인(b),172833.5
sigungu,41,41115,수원시 팔달구,20240101,1,월요일,3,외국인(c),2162.449999999999
sigungu,41,41117,수원시 영통구,20240101,1,월요일,1,현지인(a),157185.0
sigungu,41,41117,수원시 영통구,20240101,1,월요일,2,외지인(b),125608.0
sigungu,41,41117,수원시 영통구,20240101,1,월요일,3,외국인(c),1253.1099999999994
sigungu,41,41130,성남시,20240101,1,월요일,1,현지인(a),452420.5
sigungu,41,41130,성남시,20240101,1,월요일,2,외지인(b),309694.0
sigungu,41,41130,성남시,20240101,1,월요일,3,외국인(c),2818.48
sigungu,41,41131,성남시 수정구,20240101,1,월요일,1,현지인(a),93905.0
sigungu,41,41131,성남시 수정구,20240101,1,월요일,2,외지인(b),95669.0
sigungu,41,41131,성남시 수정구,20240101,1,월요일,3,외국인(c),1112.6699999999998
sigungu,41,41133,성남시 중원구,20240101,1,월요일,1,현지인(a),66556.0
sigungu,41,41133,성남시 중원구,20240101,1,월요일,2,외지인(b),58842.0
sigungu,41,41133,성남시 중원구,20240101,1,월요일,3,외국인(c),424.7199999999999
sigungu,41,41135,성남시 분당구,20240101,1,월요일,1,현지인(a),295743.0
sigungu,41,41135,성남시 분당구,20240101,1,월요일,2,외지인(b),173859.0
sigungu,41,41135,성남시 분당구,20240101,1,월요일,3,외국인(c),1637.15
sigungu,41,41150,의정부시,20240101,1,월요일,1,현지인(a),229624.5
sigungu,41,41150,의정부시,20240101,1,월요일,2,외지인(b),110264.0
sigungu,41,41150,의정부시,20240101,1,월요일,3,외국인(c),768.6300000000001
sigungu,41,41170,안양시,20240101,1,월요일,1,현지인(a),239543.5
sigungu,41,41170,안양시,20240101,1,월요일,2,외지인(b),155512.0
sigungu,41,41170,안양시,20240101,1,월요일,3,외국인(c),1344.3200000000002
sigungu,41,41171,안양시 만안구,20240101,1,월요일,1,현지인(a),99568.0
sigungu,41,41171,안양시 만안구,20240101,1,월요일,2,외지인(b),68939.5
sigungu,41,41171,안양시 만안구,20240101,1,월요일,3,외국인(c),820.78
sigungu,41,41173,안양시 동안구,20240101,1,월요일,1,현지인(a),141452.5
sigungu,41,41173,안양시 동안구,20240101,1,월요일,2,외지인(b),91357.0
sigungu,41,41173,안양시 동안구,20240101,1,월요일,3,외국인(c),579.99
sigungu,41,41190,부천시,20240101,1,월요일,1,현지인(a),353237.5
sigungu,41,41190,부천시,20240101,1,월요일,2,외지인(b),242543.0
sigungu,41,41190,부천시,20240101,1,월요일,3,외국인(c),2788.7600000000007
sigungu,41,41192,부천시 원미구,20240101,1,월요일,1,현지인(a),228354.0
sigungu,41,41192,부천시 원미구,20240101,1,월요일,2,외지인(b),145824.0
sigungu,41,41192,부천시 원미구,20240101,1,월요일,3,외국인(c),1469.6200000000001
sigungu,41,41194,부천시 소사구,20240101,1,월요일,1,현지인(a),75596.5
sigungu,41,41194,부천시 소사구,20240101,1,월요일,2,외지인(b),72362.5
sigungu,41,41194,부천시 소사구,20240101,1,월요일,3,외국인(c),1178.6299999999997
sigungu,41,41196,부천시 오정구,20240101,1,월요일,1,현지인(a),53907.0
sigungu,41,41196,부천시 오정구,20240101,1,월요일,2,외지인(b),43851.5
sigungu,41,41196,부천시 오정구,20240101,1,월요일,3,외국인(c),494.65999999999997
sigungu,41,41210,광명시,20240101,1,월요일,1,현지인(a),112833.0
sigungu,41,41210,광명시,20240101,1,월요일,2,외지인(b),106116.5
sigungu,41,41210,광명시,20240101,1,월요일,3,외국인(c),804.84
sigungu,41,41220,평택시,20240101,1,월요일,1,현지인(a),266063.0
sigungu,41,41220,평택시,20240101,1,월요일,2,외지인(b),105168.0
sigungu,41,41220,평택시,20240101,1,월요일,3,외국인(c),4209.679999999999
sigungu,41,41250,동두천시,20240101,1,월요일,1,현지인(a),47033.0
sigungu,41,41250,동두천시,20240101,1,월요일,2,외지인(b),26918.5
sigungu,41,41250,동두천시,20240101,1,월요일,3,외국인(c),297.41999999999996
sigungu,41,41270,안산시,20240101,1,월요일,1,현지인(a),261236.5
sigungu,41,41270,안산시,20240101,1,월요일,2,외지인(b),210147.0
sigungu,41,41270,안산시,20240101,1,월요일,3,외국인(c),6317.790000000001
sigungu,41,41271,안산시 상록구,20240101,1,월요일,1,현지인(a),105360.5
sigungu,41,41271,안산시 상록구,20240101,1,월요일,2,외지인(b),69307.0
sigungu,41,41271,안산시 상록구,20240101,1,월요일,3,외국인(c),1399.8999999999996
sigungu,41,41273,안산시 단원구,20240101,1,월요일,1,현지인(a),159372.5
sigungu,41,41273,안산시 단원구,20240101,1,월요일,2,외지인(b),150794.0
sigungu,41,41273,안산시 단원구,20240101,1,월요일,3,외국인(c),5307.299999999999
sigungu,41,41280,고양시,20240101,1,월요일,1,현지인(a),523530.0
sigungu,41,41280,고양시,20240101,1,월요일,2,외지인(b),382914.0
sigungu,41,41280,고양시,20240101,1,월요일,3,외국인(c),6405.129999999999
sigungu,41,41281,고양시 덕양구,20240101,1,월요일,1,현지인(a),234832.5
sigungu,41,41281,고양시 덕양구,20240101,1,월요일,2,외지인(b),187141.5
sigungu,41,41281,고양시 덕양구,20240101,1,월요일,3,외국인(c),4422.58
sigungu,41,41285,고양시 일산동구,20240101,1,월요일,1,현지인(a),160692.0
sigungu,41,41285,고양시 일산동구,20240101,1,월요일,2,외지인(b),134239.0
sigungu,41,41285,고양시 일산동구,20240101,1,월요일,3,외국인(c),1675.5499999999995
sigungu,41,41287,고양시 일산서구,20240101,1,월요일,1,현지인(a),134620.5
sigungu,41,41287,고양시 일산서구,20240101,1,월요일,2,외지인(b),90821.5
sigungu,41,41287,고양시 일산서구,20240101,1,월요일,3,외국인(c),903.5399999999998
sigungu,41,41290,과천시,20240101,1,월요일,1,현지인(a),50113.0
sigungu,41,41290,과천시,20240101,1,월요일,2,외지인(b),40666.5
sigungu,41,41290,과천시,20240101,1,월요일,3,외국인(c),325.13999999999993
sigungu,41,41310,구리시,20240101,1,월요일,1,현지인(a),117894.0
sigungu,41,41310,구리시,20240101,1,월요일,2,외지인(b),120200.5
sigungu,41,41310,구리시,20240101,1,월요일,3,외국인(c),516.2199999999999
sigungu,41,41360,남양주시,20240101,1,월요일,1,현지인(a),320831.0
sigungu,41,41360,남양주시,20240101,1,월요일,2,외지인(b),217220.5
sigungu,41,41360,남양주시,20240101,1,월요일,3,외국인(c),2145.46
sigungu,41,41370,오산시,20240101,1,월요일,1,현지인(a),114646.0
sigungu,41,41370,오산시,20240101,1,월요일,2,외지인(b),71998.5
sigungu,41,41370,오산시,20240101,1,월요일,3,외국인(c),998.9500000000002
sigungu,41,41390,시흥시,20240101,1,월요일,1,현지인(a),192423.0
sigungu,41,41390,시흥시,20240101,1,월요일,2,외지인(b),175913.5
sigungu,41,41390,시흥시,20240101,1,월요일,3,외국인(c),3516.8399999999997
sigungu,41,41410,군포시,20240101,1,월요일,1,현지인(a),133749.0
sigungu,41,41410,군포시,20240101,1,월요일,2,외지인(b),68995.5
sigungu,41,41410,군포시,20240101,1,월요일,3,외국인(c),791.9900000000001
sigungu,41,41430,의왕시,20240101,1,월요일,1,현지인(a),60364.5
sigungu,41,41430,의왕시,20240101,1,월요일,2,외지인(b),92253.0
sigungu,41,41430,의왕시,20240101,1,월요일,3,외국인(c),536.75
sigungu,41,41450,하남시,20240101,1,월요일,1,현지인(a),161483.0
sigungu,41,41450,하남시,20240101,1,월요일,2,외지인(b),175640.5
sigungu,41,41450,하남시,20240101,1,월요일,3,외국인(c),984.4100000000001
sigungu,41,41460,용인시,20240101,1,월요일,1,현지인(a),488771.5
sigungu,41,41460,용인시,20240101,1,월요일,2,외지인(b),341274.5
sigungu,41,41460,용인시,20240101,1,월요일,3,외국인(c),4424.089999999999
sigungu,41,41461,용인시 처인구,20240101,1,월요일,1,현지인(a),131540.5
sigungu,41,41461,용인시 처인구,20240101,1,월요일,2,외지인(b),116413.5
sigungu,41,41461,용인시 처인구,20240101,1,월요일,3,외국인(c),2455.04
sigungu,41,41463,용인시 기흥구,20240101,1,월요일,1,현지인(a),200728.5
sigungu,41,41463,용인시 기흥구,20240101,1,월요일,2,외지인(b),146944.0
sigungu,41,41463,용인시 기흥구,20240101,1,월요일,3,외국인(c),1402.1100000000001
sigungu,41,41465,용인시 수지구,20240101,1,월요일,1,현지인(a),158788.0
sigungu,41,41465,용인시 수지구,20240101,1,월요일,2,외지인(b),94517.5
sigungu,41,41465,용인시 수지구,20240101,1,월요일,3,외국인(c),925.68
sigungu,41,41480,파주시,20240101,1,월요일,1,현지인(a),213612.0
sigungu,41,41480,파주시,20240101,1,월요일,2,외지인(b),163019.5
sigungu,41,41480,파주시,20240101,1,월요일,3,외국인(c),2031.6699999999994
sigungu,41,41500,이천시,20240101,1,월요일,1,현지인(a),118832.0
sigungu,41,41500,이천시,20240101,1,월요일,2,외지인(b),94020.5
sigungu,41,41500,이천시,20240101,1,월요일,3,외국인(c),1440.8899999999999
sigungu,41,41550,안성시,20240101,1,월요일,1,현지인(a),104384.0
sigungu,41,41550,안성시,20240101,1,월요일,2,외지인(b),91171.5
sigungu,41,41550,안성시,20240101,1,월요일,3,외국인(c),1254.26
sigungu,41,41570,김포시,20240101,1,월요일,1,현지인(a),250166.0
sigungu,41,41570,김포시,20240101,1,월요일,2,외지인(b),154014.0
sigungu,41,41570,김포시,20240101,1,월요일,3,외국인(c),4565.650000000001
sigungu,41,41590,화성시,20240101,1,월요일,1,현지인(a),408912.0
sigungu,41,41590,화성시,20240101,1,월요일,2,외지인(b),232368.5
sigungu,41,41590,화성시,20240101,1,월요일,3,외국인(c),4465.6799999999985
sigungu,41,41610,광주시,20240101,1,월요일,1,현지인(a),184723.0
sigungu,41,41610,광주시,20240101,1,월요일,2,외지인(b),144025.0
sigungu,41,41610,광주시,20240101,1,월요일,3,외국인(c),1481.3799999999992
sigungu,41,41630,양주시,20240101,1,월요일,1,현지인(a),139279.0
sigungu,41,41630,양주시,20240101,1,월요일,2,외지인(b),92403.5
sigungu,41,41630,양주시,20240101,1,월요일,3,외국인(c),844.7400000000001
sigungu,41,41650,포천시,20240101,1,월요일,1,현지인(a),71995.0
sigungu,41,41650,포천시,20240101,1,월요일,2,외지인(b),77766.5
sigungu,41,41650,포천시,20240101,1,월요일,3,외국인(c),869.6800000000002
sigungu,41,41670,여주시,20240101,1,월요일,1,현지인(a),68320.0
sigungu,41,41670,여주시,20240101,1,월요일,2,외지인(b),65499.0
sigungu,41,41670,여주시,20240101,1,월요일,3,외국인(c),794.0900000000001
sigungu,41,41800,연천군,20240101,1,월요일,1,현지인(a),23397.5
sigungu,41,41800,연천군,20240101,1,월요일,2,외지인(b),25182.5
sigungu,41,41800,연천군,20240101,1,월요일,3,외국인(c),114.65999999999998
sigungu,41,41820,가평군,20240101,1,월요일,1,현지인(a),34541.5
sigungu,41,41820,가평군,20240101,1,월요일,2,외지인(b),75488.0
sigungu,41,41820,가평군,20240101,1,월요일,3,외국인(c),2700.9900000000007
sigungu,41,41830,양평군,20240101,1,월요일,1,현지인(a),63934.5
sigungu,41,41830,양평군,20240101,1,월요일,2,외지인(b),95546.5
sigungu,41,41830,양평군,20240101,1,월요일,3,외국인(c),827.35
sigungu,43,43110,청주시,20240101,1,월요일,1,현지인(a),310418.5
sigungu,43,43110,청주시,20240101,1,월요일,2,외지인(b),280658.0
sigungu,43,43110,청주시,20240101,1,월요일,3,외국인(c),2228.43
sigungu,43,43111,청주시 상당구,20240101,1,월요일,1,현지인(a),83797.0
sigungu,43,43111,청주시 상당구,20240101,1,월요일,2,외지인(b),83293.0
sigungu,43,43111,청주시 상당구,20240101,1,월요일,3,외국인(c),278.9200000000001
sigungu,43,43112,청주시 서원구,20240101,1,월요일,1,현지인(a),53266.5
sigungu,43,43112,청주시 서원구,20240101,1,월요일,2,외지인(b),77885.5
sigungu,43,43112,청주시 서원구,20240101,1,월요일,3,외국인(c),536.96
sigungu,43,43113,청주시 흥덕구,20240101,1,월요일,1,현지인(a),103057.5
sigungu,43,43113,청주시 흥덕구,20240101,1,월요일,2,외지인(b),93002.0
sigungu,43,43113,청주시 흥덕구,20240101,1,월요일,3,외국인(c),976.16
sigungu,43,43114,청주시 청원구,20240101,1,월요일,1,현지인(a),75726.0
sigungu,43,43114,청주시 청원구,20240101,1,월요일,2,외지인(b),66010.0
sigungu,43,43114,청주시 청원구,20240101,1,월요일,3,외국인(c),874.9199999999998
sigungu,43,43130,충주시,20240101,1,월요일,1,현지인(a),145638.5
sigungu,43,43130,충주시,20240101,1,월요일,2,외지인(b),91514.5
sigungu,43,43130,충주시,20240101,1,월요일,3,외국인(c),601.5300000000001
sigungu,43,43150,제천시,20240101,1,월요일,1,현지인(a),56486.5
sigungu,43,43150,제천시,20240101,1,월요일,2,외지인(b),41370.0
sigungu,43,43150,제천시,20240101,1,월요일,3,외국인(c),336.65
sigungu,43,43720,보은군,20240101,1,월요일,1,현지인(a),14304.5
sigungu,43,43720,보은군,20240101,1,월요일,2,외지인(b),20384.0
sigungu,43,43720,보은군,20240101,1,월요일,3,외국인(c),134.99000000000004
sigungu,43,43730,옥천군,20240101,1,월요일,1,현지인(a),28973.0
sigungu,43,43730,옥천군,20240101,1,월요일,2,외지인(b),34118.0
sigungu,43,43730,옥천군,20240101,1,월요일,3,외국인(c),175.94
sigungu,43,43740,영동군,20240101,1,월요일,1,현지인(a),24444.0
sigungu,43,43740,영동군,20240101,1,월요일,2,외지인(b),18525.5
sigungu,43,43740,영동군,20240101,1,월요일,3,외국인(c),162.23000000000005
sigungu,43,43745,증평군,20240101,1,월요일,1,현지인(a),24304.0
sigungu,43,43745,증평군,20240101,1,월요일,2,외지인(b),14983.5
sigungu,43,43745,증평군,20240101,1,월요일,3,외국인(c),114.35
sigungu,43,43750,진천군,20240101,1,월요일,1,현지인(a),37691.5
sigungu,43,43750,진천군,20240101,1,월요일,2,외지인(b),26971.0
sigungu,43,43750,진천군,20240101,1,월요일,3,외국인(c),650.89
sigungu,43,43760,괴산군,20240101,1,월요일,1,현지인(a),13954.5
sigungu,43,43760,괴산군,20240101,1,월요일,2,외지인(b),29015.0
sigungu,43,43760,괴산군,20240101,1,월요일,3,외국인(c),134.73000000000002
sigungu,43,43770,음성군,20240101,1,월요일,1,현지인(a),47978.0
sigungu,43,43770,음성군,20240101,1,월요일,2,외지인(b),38517.5
sigungu,43,43770,음성군,20240101,1,월요일,3,외국인(c),1083.6399999999999
sigungu,43,43800,단양군,20240101,1,월요일,1,현지인(a),14220.5
sigungu,43,43800,단양군,20240101,1,월요일,2,외지인(b),34433.0
sigungu,43,43800,단양군,20240101,1,월요일,3,외국인(c),171.83
sigungu,44,44130,천안시,20240101,1,월요일,1,현지인(a),214238.5
sigungu,44,44130,천안시,20240101,1,월요일,2,외지인(b),193637.5
sigungu,44,44130,천안시,20240101,1,월요일,3,외국인(c),2346.97
sigungu,44,44131,천안시 동남구,20240101,1,월요일,1,현지인(a),111352.5
sigungu,44,44131,천안시 동남구,20240101,1,월요일,2,외지인(b),118503.0
sigungu,44,44131,천안시 동남구,20240101,1,월요일,3,외국인(c),1211.2099999999998
sigungu,44,44133,천안시 서북구,20240101,1,월요일,1,현지인(a),106228.5
sigungu,44,44133,천안시 서북구,20240101,1,월요일,2,외지인(b),88945.5
sigungu,44,44133,천안시 서북구,20240101,1,월요일,3,외국인(c),1475.4
sigungu,44,44150,공주시,20240101,1,월요일,1,현지인(a),42556.5
sigungu,44,44150,공주시,20240101,1,월요일,2,외지인(b),70847.0
sigungu,44,44150,공주시,20240101,1,월요일,3,외국인(c),569.3199999999999
sigungu,44,44180,보령시,20240101,1,월요일,1,현지인(a),70210.0
sigungu,44,44180,보령시,20240101,1,월요일,2,외지인(b),78813.0
sigungu,44,44180,보령시,20240101,1,월요일,3,외국인(c),595.9099999999999
sigungu,44,44200,아산시,20240101,1,월요일,1,현지인(a),152845.0
sigungu,44,44200,아산시,20240101,1,월요일,2,외지인(b),96701.5
sigungu,44,44200,아산시,20240101,1,월요일,3,외국인(c),1709.2300000000002
sigungu,44,44210,서산시,20240101,1,월요일,1,현지인(a),92501.5
sigungu,44,44210,서산시,20240101,1,월요일,2,외지인(b),54463.5
sigungu,44,44210,서산시,20240101,1,월요일,3,외국인(c),825.07
sigungu,44,44230,논산시,20240101,1,월요일,1,현지인(a),59591.0
sigungu,44,44230,논산시,20240101,1,월요일,2,외지인(b),47691.0
sigungu,44,44230,논산시,20240101,1,월요일,3,외국인(c),450.53000000000003
sigungu,44,44250,계룡시,20240101,1,월요일,1,현지인(a),21007.0
sigungu,44,44250,계룡시,20240101,1,월요일,2,외지인(b),13636.0
sigungu,44,44250,계룡시,20240101,1,월요일,3,외국인(c),37.74999999999999
sigungu,44,44270,당진시,20240101,1,월요일,1,현지인(a),99848.0
sigungu,44,44270,당진시,20240101,1,월요일,2,외지인(b),98826.0
sigungu,44,44270,당진시,20240101,1,월요일,3,외국인(c),1380.42
sigungu,44,44710,금산군,20240101,1,월요일,1,현지인(a),31255.0
sigungu,44,44710,금산군,20240101,1,월요일,2,외지인(b),33383.0
sigungu,44,44710,금산군,20240101,1,월요일,3,외국인(c),129.26
sigungu,44,44760,부여군,20240101,1,월요일,1,현지인(a),42948.5
sigungu,44,44760,부여군,20240101,1,월요일,2,외지인(b),32116.0
sigungu,44,44760,부여군,20240101,1,월요일,3,외국인(c),228.64
sigungu,44,44770,서천군,20240101,1,월요일,1,현지인(a),32641.0
sigungu,44,44770,서천군,20240101,1,월요일,2,외지인(b),44964.5
sigungu,44,44770,서천군,20240101,1,월요일,3,외국인(c),301.27000000000004
sigungu,44,44790,청양군,20240101,1,월요일,1,현지인(a),12225.5
sigungu,44,44790,청양군,20240101,1,월요일,2,외지인(b),21129.5
sigungu,44,44790,청양군,20240101,1,월요일,3,외국인(c),218.54
sigungu,44,44800,홍성군,20240101,1,월요일,1,현지인(a),48440.0
sigungu,44,44800,홍성군,20240101,1,월요일,2,외지인(b),37198.0
sigungu,44,44800,홍성군,20240101,1,월요일,3,외국인(c),248.54999999999998
sigungu,44,44810,예산군,20240101,1,월요일,1,현지인(a),42780.5
sigungu,44,44810,예산군,20240101,1,월요일,2,외지인(b),54803.0
sigungu,44,44810,예산군,20240101,1,월요일,3,외국인(c),235.67
sigungu,44,44825,태안군,20240101,1,월요일,1,현지인(a),46333.0
sigungu,44,44825,태안군,20240101,1,월요일,2,외지인(b),65660.0
sigungu,44,44825,태안군,20240101,1,월요일,3,외국인(c),1324.1299999999999
sigungu,46,46110,목포시,20240101,1,월요일,1,현지인(a),169554.0
sigungu,46,46110,목포시,20240101,1,월요일,2,외지인(b),90618.5
sigungu,46,46110,목포시,20240101,1,월요일,3,외국인(c),559.95
sigungu,46,46130,여수시,20240101,1,월요일,1,현지인(a),144133.5
sigungu,46,46130,여수시,20240101,1,월요일,2,외지인(b),116070.5
sigungu,46,46130,여수시,20240101,1,월요일,3,외국인(c),4832.78
sigungu,46,46150,순천시,20240101,1,월요일,1,현지인(a),157797.5
sigungu,46,46150,순천시,20240101,1,월요일,2,외지인(b),75488.0
sigungu,46,46150,순천시,20240101,1,월요일,3,외국인(c),294.64000000000004
sigungu,46,46170,나주시,20240101,1,월요일,1,현지인(a),62590.5
sigungu,46,46170,나주시,20240101,1,월요일,2,외지인(b),42472.5
sigungu,46,46170,나주시,20240101,1,월요일,3,외국인(c),202.44000000000003
sigungu,46,46230,광양시,20240101,1,월요일,1,현지인(a),64221.5
sigungu,46,46230,광양시,20240101,1,월요일,2,외지인(b),37366.0
sigungu,46,46230,광양시,20240101,1,월요일,3,외국인(c),6861.439999999999
sigungu,46,46710,담양군,20240101,1,월요일,1,현지인(a),23520.0
sigungu,46,46710,담양군,20240101,1,월요일,2,외지인(b),67469.5
sigungu,46,46710,담양군,20240101,1,월요일,3,외국인(c),178.37
sigungu,46,46720,곡성군,20240101,1,월요일,1,현지인(a),10318.0
sigungu,46,46720,곡성군,20240101,1,월요일,2,외지인(b),14038.5
sigungu,46,46720,곡성군,20240101,1,월요일,3,외국인(c),27.840000000000003
sigungu,46,46730,구례군,20240101,1,월요일,1,현지인(a),12110.0
